id,year,quarter,state,count,amount
1,2018,1,puducherry,104212,165825971.36983618
2,2018,1,tamil nadu,6726622,11261557697.516891
3,2018,1,uttar pradesh,12537805,13939970923.223106
4,2018,1,madhya pradesh,8025395,8681603403.446348
5,2018,1,andhra pradesh,9039585,11996276391.823706
6,2018,1,tripura,148157,137978914.53062224
7,2018,1,lakshadweep,778,1928611.1808777403
8,2018,1,manipur,84069,128046173.93020926
9,2018,1,maharashtra,16387034,21711613257.725674
10,2018,1,dadra & nagar haveli & daman & diu,148549,175658384.10921687
11,2018,1,meghalaya,49571,66250259.78990036
12,2018,1,andaman & nicobar islands,6658,14631761.22198579
13,2018,1,haryana,4480770,6793511514.660528
14,2018,1,rajasthan,7591690,8926293130.726837
15,2018,1,ladakh,6089,12532857.771114783
16,2018,1,punjab,1870433,2780758224.854389
17,2018,1,assam,1056881,1157804456.212469
18,2018,1,jharkhand,2178921,2374186389.9194
19,2018,1,odisha,5809821,4627632210.887628
20,2018,1,bihar,5824302,6045758172.017314
21,2018,1,kerala,1771380,2402674753.100502
22,2018,1,karnataka,12016899,19217895314.012802
23,2018,1,chandigarh,381895,613435420.8676233
24,2018,1,telangana,8522766,13308204118.542435
25,2018,1,himachal pradesh,481918,628737806.3723404
26,2018,1,west bengal,11710225,10625978552.140453
27,2018,1,gujarat,5948775,7577982255.034092
28,2018,1,sikkim,44078,64650938.94036834
29,2018,1,nagaland,42845,78005891.08612517
30,2018,1,mizoram,18561,45227219.975790836
31,2018,1,chhattisgarh,1891514,2149155557.2367463
32,2018,1,jammu & kashmir,941568,1005371239.2561305
33,2018,1,goa,160897,303856742.34308386
34,2018,1,arunachal pradesh,45497,92387336.00940911
35,2018,1,delhi,7122754,11211503806.91996
36,2018,1,uttarakhand,1246685,1508545358.5238864
37,2018,2,puducherry,130261,285801119.5324367
38,2018,2,tamil nadu,9992128,20125844276.267662
39,2018,2,uttar pradesh,17710943,25720201695.701435
40,2018,2,madhya pradesh,10561412,15924081066.680986
41,2018,2,andhra pradesh,12353918,22883914272.633617
42,2018,2,tripura,214559,236891718.7161358
43,2018,2,lakshadweep,2132,6187809.539400538
44,2018,2,manipur,151721,253209721.319494
45,2018,2,maharashtra,22285740,36357057241.12254
46,2018,2,dadra & nagar haveli & daman & diu,202626,302070771.6561514
47,2018,2,meghalaya,67857,117004667.8418316
48,2018,2,andaman & nicobar islands,11340,28338535.507953547
49,2018,2,haryana,6150931,11320414442.116663
50,2018,2,rajasthan,9973697,15559086175.75962
51,2018,2,ladakh,15010,47334902.5377415
52,2018,2,punjab,2581163,4684672212.007125
53,2018,2,assam,1663873,2350585135.537811
54,2018,2,jharkhand,3152080,4721575659.062912
55,2018,2,odisha,8158144,8488310339.620239
56,2018,2,bihar,8632378,13506131109.672922
57,2018,2,kerala,2308165,3886923343.44263
58,2018,2,karnataka,17116447,33515580081.29709
59,2018,2,chandigarh,479084,961223261.74473
60,2018,2,telangana,10764670,23017201517.652737
61,2018,2,himachal pradesh,687695,1183169301.3511178
62,2018,2,west bengal,18082446,18629183470.204285
63,2018,2,gujarat,7745733,12162684771.641388
64,2018,2,sikkim,74578,143693085.52979562
65,2018,2,nagaland,65599,153325577.88030174
66,2018,2,mizoram,27051,83508405.55773437
67,2018,2,chhattisgarh,2816156,4264170443.1617327
68,2018,2,jammu & kashmir,1796326,2651206236.5028934
69,2018,2,goa,229575,478603825.35861486
70,2018,2,arunachal pradesh,82157,198970192.34204656
71,2018,2,delhi,9373723,17446299902.205147
72,2018,2,uttarakhand,1704122,2679755378.5510764
73,2018,3,puducherry,190271,417658075.4942067
74,2018,3,tamil nadu,15774078,29330092241.18405
75,2018,3,uttar pradesh,26515356,37012114369.23937
76,2018,3,madhya pradesh,17126985,24149742204.67322
77,2018,3,andhra pradesh,25626061,35718044599.21416
78,2018,3,tripura,377703,453863388.04059243
79,2018,3,lakshadweep,1703,4339032.3119858485
80,2018,3,manipur,189258,383331244.79412293
81,2018,3,maharashtra,31538538,52260817733.24835
82,2018,3,dadra & nagar haveli & daman & diu,289575,447639595.67817545
83,2018,3,meghalaya,110290,209853661.53439403
84,2018,3,andaman & nicobar islands,16265,55557471.13431113
85,2018,3,haryana,8262024,16375139007.627964
86,2018,3,rajasthan,14257098,24040768671.212967
87,2018,3,ladakh,24864,84090977.14484604
88,2018,3,punjab,3462108,7065687043.821184
89,2018,3,assam,2351851,3811134989.9142647
90,2018,3,jharkhand,8122621,8661571417.704563
91,2018,3,odisha,30052155,23094515775.585766
92,2018,3,bihar,14367804,20135804378.90174
93,2018,3,kerala,3134348,5323025223.875498
94,2018,3,karnataka,25980261,48225091755.80772
95,2018,3,chandigarh,616936,1369354447.5343118
96,2018,3,telangana,19332703,32030093209.72354
97,2018,3,himachal pradesh,886754,1754041432.858025
98,2018,3,west bengal,53705416,41843934183.177635
99,2018,3,gujarat,11334149,17866404426.27552
100,2018,3,sikkim,108500,235080226.95331776
101,2018,3,nagaland,94371,241792742.9366532
102,2018,3,mizoram,39316,116600738.12539022
103,2018,3,chhattisgarh,3859604,6302307073.446348
104,2018,3,jammu & kashmir,2303961,3934700999.457677
105,2018,3,goa,339511,713166969.2382338
106,2018,3,arunachal pradesh,131146,331726406.7413912
107,2018,3,delhi,18547048,27375846860.618515
108,2018,3,uttarakhand,2229132,3726573039.8585143
109,2018,4,puducherry,307964,625691665.4234949
110,2018,4,tamil nadu,22457444,43302073975.890976
111,2018,4,uttar pradesh,36100767,55096743575.91497
112,2018,4,madhya pradesh,21397555,33905608072.964783
113,2018,4,andhra pradesh,30759548,51473779406.840416
114,2018,4,tripura,448059,624885599.4644469
115,2018,4,lakshadweep,1642,4463213.698222831
116,2018,4,manipur,236110,605683559.3060112
117,2018,4,maharashtra,46090223,79518937047.82959
118,2018,4,dadra & nagar haveli & daman & diu,404082,658750616.8008878
119,2018,4,meghalaya,161132,337585679.00467324
120,2018,4,andaman & nicobar islands,23758,90548336.07445517
121,2018,4,haryana,12950183,25390876016.455025
122,2018,4,rajasthan,20959723,37909087083.33885
123,2018,4,ladakh,35211,135522842.49263746
124,2018,4,punjab,4887137,10781982573.649624
125,2018,4,assam,3734172,5888022859.01307
126,2018,4,jharkhand,6284043,10241916641.12223
127,2018,4,odisha,21142798,23429869571.55922
128,2018,4,bihar,15732401,28397997168.57623
129,2018,4,kerala,4310654,7747361236.812299
130,2018,4,karnataka,44812071,73008386576.05942
131,2018,4,chandigarh,905116,2032591591.779975
132,2018,4,telangana,28921154,49509088448.04927
133,2018,4,himachal pradesh,1307883,2621298968.1392584
134,2018,4,west bengal,36513548,40489619211.70402
135,2018,4,gujarat,14733303,24830987102.78186
136,2018,4,sikkim,154533,383141358.07825375
137,2018,4,nagaland,139333,388013467.5456239
138,2018,4,mizoram,55242,190426852.52952954
139,2018,4,chhattisgarh,5365844,9416412664.971258
140,2018,4,jammu & kashmir,2721310,5664720265.697432
141,2018,4,goa,514755,1153005078.9224057
142,2018,4,arunachal pradesh,176429,504040029.0917605
143,2018,4,delhi,29187719,39722857618.706436
144,2018,4,uttarakhand,3178761,5654272137.963844
145,2019,1,puducherry,501092,906473024.3065231
146,2019,1,tamil nadu,32275045,56204036816.128555
147,2019,1,uttar pradesh,57324504,76524180134.0167
148,2019,1,madhya pradesh,37301049,48070279522.04201
149,2019,1,andhra pradesh,57264522,83760595917.0792
150,2019,1,tripura,580926,756894941.6158216
151,2019,1,lakshadweep,2481,8786130.479338994
152,2019,1,manipur,265409,659898060.4240801
153,2019,1,maharashtra,75079069,111420690920.33997
154,2019,1,dadra & nagar haveli & daman & diu,661814,843369776.0499002
155,2019,1,meghalaya,208741,399037162.15343595
156,2019,1,andaman & nicobar islands,30486,102299740.67348987
157,2019,1,haryana,22135775,34051655721.631077
158,2019,1,rajasthan,43956040,61141158575.55252
159,2019,1,ladakh,46145,152859920.9491272
160,2019,1,punjab,7172137,13574490001.853222
161,2019,1,assam,4533005,8002099536.451059
162,2019,1,jharkhand,9387708,13627236449.278034
163,2019,1,odisha,34031942,35427127930.698456
164,2019,1,bihar,26356234,41502827514.52612
165,2019,1,kerala,6469039,10235031134.849785
166,2019,1,karnataka,86587609,117976382145.74966
167,2019,1,chandigarh,1274476,2396032050.444029
168,2019,1,telangana,65290702,95523262035.66321
169,2019,1,himachal pradesh,2168718,3381481442.991081
170,2019,1,west bengal,47626388,50164672623.87851
171,2019,1,gujarat,24991451,35856080308.47724
172,2019,1,sikkim,240287,457993634.3840939
173,2019,1,nagaland,168579,441941712.41233104
174,2019,1,mizoram,70306,218160895.39740258
175,2019,1,chhattisgarh,7887669,12544556385.328796
176,2019,1,jammu & kashmir,3584987,5951835476.521047
177,2019,1,goa,738812,1475323397.276577
178,2019,1,arunachal pradesh,226506,609950106.3139492
179,2019,1,delhi,47007327,58469131789.49733
180,2019,1,uttarakhand,5546001,7183529175.274033
181,2019,2,puducherry,580077,1211446910.127807
182,2019,2,tamil nadu,32171737,64207676025.75553
183,2019,2,uttar pradesh,58883500,98917519370.67831
184,2019,2,madhya pradesh,40846013,68334566380.56182
185,2019,2,andhra pradesh,56409015,113634518758.22931
186,2019,2,tripura,532558,841821482.8473747
187,2019,2,lakshadweep,2926,9242524.13698889
188,2019,2,manipur,257425,722789942.1495004
189,2019,2,maharashtra,101149853,153294470088.05945
190,2019,2,dadra & nagar haveli & daman & diu,489656,824441276.56507
191,2019,2,meghalaya,232286,492931289.1072781
192,2019,2,andaman & nicobar islands,33689,120254709.6756632
193,2019,2,haryana,22741816,42501539813.21669
194,2019,2,rajasthan,50009286,89107313172.66756
195,2019,2,ladakh,68772,259255506.9974248
196,2019,2,punjab,8509830,18614793394.772213
197,2019,2,assam,5454929,10954969189.126175
198,2019,2,jharkhand,10128211,18622701305.54623
199,2019,2,odisha,29512024,44754854871.67608
200,2019,2,bihar,29960479,63132438283.54397
201,2019,2,kerala,7283826,13031371561.185568
202,2019,2,karnataka,115401604,163702024226.0841
203,2019,2,chandigarh,1252470,2693116098.9444556
204,2019,2,telangana,89610379,155676443182.43457
205,2019,2,himachal pradesh,2502306,4875883973.61058
206,2019,2,west bengal,47023535,57105691119.11844
207,2019,2,gujarat,28981842,49320615219.26732
208,2019,2,sikkim,388244,738894243.4359412
209,2019,2,nagaland,188753,520066682.1585048
210,2019,2,mizoram,75671,248016708.13501447
211,2019,2,chhattisgarh,9389945,17002355688.82225
212,2019,2,jammu & kashmir,2296355,6100142201.563448
213,2019,2,goa,768441,1591867103.3876143
214,2019,2,arunachal pradesh,258656,752655874.3550282
215,2019,2,delhi,57171512,81706816063.62862
216,2019,2,uttarakhand,4813275,8588532850.9184885
217,2019,3,puducherry,716826,1460708357.4554102
218,2019,3,tamil nadu,41410183,78959604643.63503
219,2019,3,uttar pradesh,68623959,111268137475.02843
220,2019,3,madhya pradesh,53610411,77676321491.22867
221,2019,3,andhra pradesh,76288614,139447944254.78943
222,2019,3,tripura,711717,1017377422.817224
223,2019,3,lakshadweep,3104,9651761.463768471
224,2019,3,manipur,345008,863552002.562933
225,2019,3,maharashtra,148735581,199617506744.94272
226,2019,3,dadra & nagar haveli & daman & diu,638751,961471473.8483732
227,2019,3,meghalaya,306550,612218602.153532
228,2019,3,andaman & nicobar islands,33770,114071776.08729392
229,2019,3,haryana,30343531,52489119199.44011
230,2019,3,rajasthan,67303617,112468290031.92343
231,2019,3,ladakh,92396,331129527.19382226
232,2019,3,punjab,10706812,22905815605.843315
233,2019,3,assam,5942571,12950443620.426579
234,2019,3,jharkhand,14220647,21465973993.35938
235,2019,3,odisha,41422272,57304577359.217094
236,2019,3,bihar,32139900,67692783254.273834
237,2019,3,kerala,9286096,16429809722.064445
238,2019,3,karnataka,170733735,214536720438.18292
239,2019,3,chandigarh,1506543,3269682087.6608405
240,2019,3,telangana,121495376,201930021130.42365
241,2019,3,himachal pradesh,2735180,5572018781.123304
242,2019,3,west bengal,66444829,70540532616.82985
243,2019,3,gujarat,38228649,59462694964.26753
244,2019,3,sikkim,552436,884716448.4404289
245,2019,3,nagaland,261878,650956471.7134112
246,2019,3,mizoram,98094,278793899.9513421
247,2019,3,chhattisgarh,12243111,19803259167.45372
248,2019,3,jammu & kashmir,1116526,3744230491.7824554
249,2019,3,goa,1092416,2000367191.496843
250,2019,3,arunachal pradesh,370234,912645034.7958709
251,2019,3,delhi,69537876,103196812046.45712
252,2019,3,uttarakhand,5710476,9729032070.017406
253,2019,4,puducherry,1012655,1932028317.878899
254,2019,4,tamil nadu,56596411,103190865512.53719
255,2019,4,uttar pradesh,86905005,145538926507.3059
256,2019,4,madhya pradesh,68131989,104687926790.86589
257,2019,4,andhra pradesh,107218103,200948315488.80518
258,2019,4,tripura,801824,1215400160.2581887
259,2019,4,lakshadweep,3765,11269913.40492385
260,2019,4,manipur,449344,1200897682.088641
261,2019,4,maharashtra,201260620,272994428799.5649
262,2019,4,dadra & nagar haveli & daman & diu,768971,1226641262.0110402
263,2019,4,meghalaya,365981,742436471.7902198
264,2019,4,andaman & nicobar islands,35159,136838530.5173779
265,2019,4,haryana,37825985,69359719869.10008
266,2019,4,rajasthan,85074242,159452410049.68317
267,2019,4,ladakh,84706,324689360.02811134
268,2019,4,punjab,13698625,29989802246.19331
269,2019,4,assam,6760510,15281983895.512564
270,2019,4,jharkhand,18248618,28147748376.677704
271,2019,4,odisha,64995633,79769373632.04843
272,2019,4,bihar,43530314,93313426577.80905
273,2019,4,kerala,12498637,21151326637.805134
274,2019,4,karnataka,237796252,295047143447.23846
275,2019,4,chandigarh,1850915,4152513817.939354
276,2019,4,telangana,163572258,280746765547.7425
277,2019,4,himachal pradesh,3516646,7271163537.248161
278,2019,4,west bengal,96805838,88203610254.64601
279,2019,4,gujarat,42547632,76690662054.91542
280,2019,4,sikkim,767070,1176509601.6562185
281,2019,4,nagaland,317170,834537138.3487777
282,2019,4,mizoram,125239,368689350.6344881
283,2019,4,chhattisgarh,16305758,27143788737.21397
284,2019,4,jammu & kashmir,489928,1929695997.8225975
285,2019,4,goa,1515272,2923460348.4994645
286,2019,4,arunachal pradesh,459475,1190573179.5272837
287,2019,4,delhi,80744997,129024467424.89062
288,2019,4,uttarakhand,7362116,12573706305.150612
289,2020,1,puducherry,1207921,2205277477.079584
290,2020,1,tamil nadu,66953473,116569686179.4346
291,2020,1,uttar pradesh,97239132,172416434960.69037
292,2020,1,madhya pradesh,79366746,126737281436.18526
293,2020,1,andhra pradesh,127677357,252737214289.0485
294,2020,1,tripura,924502,1588778806.3885012
295,2020,1,lakshadweep,5151,13502368.57450421
296,2020,1,manipur,818801,2598590380.8769474
297,2020,1,maharashtra,238944081,319995196718.0683
298,2020,1,dadra & nagar haveli & daman & diu,878579,1342763369.292519
299,2020,1,meghalaya,502283,1120134840.9078057
300,2020,1,andaman & nicobar islands,41298,161476312.2972747
301,2020,1,haryana,44036087,81976214558.24355
302,2020,1,rajasthan,102258812,190308238561.00217
303,2020,1,ladakh,116419,377639677.4457431
304,2020,1,punjab,15217784,31374185265.899654
305,2020,1,assam,8808860,20668428347.72898
306,2020,1,jharkhand,18282713,33611232153.269115
307,2020,1,odisha,53682307,91956798199.33679
308,2020,1,bihar,45081815,109256853527.24524
309,2020,1,kerala,15733522,26451084830.93425
310,2020,1,karnataka,271033890,353402054999.4004
311,2020,1,chandigarh,2262511,5126453070.016205
312,2020,1,telangana,199409525,371343780368.2118
313,2020,1,himachal pradesh,4144480,7419466751.122733
314,2020,1,west bengal,66250381,96653305190.9406
315,2020,1,gujarat,47326417,86995076621.90231
316,2020,1,sikkim,528118,1053476271.9444009
317,2020,1,nagaland,378051,894780028.7343724
318,2020,1,mizoram,153609,392077579.3496374
319,2020,1,chhattisgarh,19523991,32860597671.356686
320,2020,1,jammu & kashmir,921630,2937643176.534005
321,2020,1,goa,1881237,3410371231.9237647
322,2020,1,arunachal pradesh,567175,1381758681.3301477
323,2020,1,delhi,81747604,133616543642.58943
324,2020,1,uttarakhand,9131784,16158080258.987526
325,2020,2,puducherry,1033383,1960030980.4875922
326,2020,2,tamil nadu,51870110,95826508896.84135
327,2020,2,uttar pradesh,100851965,178744016130.31216
328,2020,2,madhya pradesh,76340573,147922015289.08447
329,2020,2,andhra pradesh,144917855,302583689746.5449
330,2020,2,tripura,1052520,1769175883.585958
331,2020,2,lakshadweep,7220,16942922.08594439
332,2020,2,manipur,1083068,3198936212.8055243
333,2020,2,maharashtra,184790761,296359517159.41614
334,2020,2,dadra & nagar haveli & daman & diu,973152,1302376453.8880572
335,2020,2,meghalaya,635395,1153735154.3383913
336,2020,2,andaman & nicobar islands,62962,169645001.41414702
337,2020,2,haryana,41781050,80711264923.94525
338,2020,2,rajasthan,101954656,193763273003.28284
339,2020,2,ladakh,155010,523792998.6520228
340,2020,2,punjab,14081294,30284654252.21334
341,2020,2,assam,10505199,19766300125.91926
342,2020,2,jharkhand,20141511,37486201975.923416
343,2020,2,odisha,50028576,91733036612.10583
344,2020,2,bihar,53386742,128806523628.85287
345,2020,2,kerala,16287967,25894078478.599953
346,2020,2,karnataka,213221712,321104877020.14185
347,2020,2,chandigarh,1528010,3847015729.690074
348,2020,2,telangana,152055143,321531839352.4224
349,2020,2,himachal pradesh,4695730,8036904762.544065
350,2020,2,west bengal,57676797,100099431877.35757
351,2020,2,gujarat,47420185,80387846359.49454
352,2020,2,sikkim,517731,1054618788.2612653
353,2020,2,nagaland,517566,1137674504.3478017
354,2020,2,mizoram,198462,457193433.4423174
355,2020,2,chhattisgarh,18820925,32268382206.900894
356,2020,2,jammu & kashmir,2635006,8265648939.258666
357,2020,2,goa,1482092,2183616430.016773
358,2020,2,arunachal pradesh,808774,1826716832.9849606
359,2020,2,delhi,66042018,107873438203.33162
360,2020,2,uttarakhand,9047770,16094187702.100985
361,2020,3,puducherry,1730902,3598080229.434597
362,2020,3,tamil nadu,70277825,143841415498.65747
363,2020,3,uttar pradesh,127405259,248689955423.05322
364,2020,3,madhya pradesh,108579881,205701679984.53757
365,2020,3,andhra pradesh,204902935,467084130584.93884
366,2020,3,tripura,1317885,2341819516.215885
367,2020,3,lakshadweep,8589,21306833.308656827
368,2020,3,manipur,1420168,4615976120.870485
369,2020,3,maharashtra,268310924,440307079012.4761
370,2020,3,dadra & nagar haveli & daman & diu,1138312,1749789114.9993598
371,2020,3,meghalaya,597579,1237059001.3830369
372,2020,3,andaman & nicobar islands,117483,338019446.3303601
373,2020,3,haryana,57938179,109567950445.72871
374,2020,3,rajasthan,149088676,293678306162.4698
375,2020,3,ladakh,228222,835487500.058193
376,2020,3,punjab,17209573,40123092147.81354
377,2020,3,assam,12397711,29831391259.543846
378,2020,3,jharkhand,27068473,50622615820.01348
379,2020,3,odisha,66033829,122463943804.29193
380,2020,3,bihar,71503748,173328865111.8144
381,2020,3,kerala,21758680,40164150651.95372
382,2020,3,karnataka,300360531,470740515696.6945
383,2020,3,chandigarh,2158086,5089809353.36507
384,2020,3,telangana,236372126,505961144755.88367
385,2020,3,himachal pradesh,5489876,10516054014.086905
386,2020,3,west bengal,79954504,156813355855.1383
387,2020,3,gujarat,59290179,111921752484.70932
388,2020,3,sikkim,596435,1400926728.6603994
389,2020,3,nagaland,736319,2009649143.1547942
390,2020,3,mizoram,254703,707944175.5046022
391,2020,3,chhattisgarh,24148539,41526744807.53401
392,2020,3,jammu & kashmir,3465898,11977229760.872362
393,2020,3,goa,1915531,3368343580.9446573
394,2020,3,arunachal pradesh,962827,2609938565.55822
395,2020,3,delhi,96491861,175163962804.6604
396,2020,3,uttarakhand,11818935,22103510968.006454
397,2020,4,puducherry,2716003,4930526217.671207
398,2020,4,tamil nadu,111179701,206473197500.99268
399,2020,4,uttar pradesh,178167517,357428826778.2578
400,2020,4,madhya pradesh,153652541,284275139772.3589
401,2020,4,andhra pradesh,286118552,654841546033.3186
402,2020,4,tripura,1651890,3182130996.2213116
403,2020,4,lakshadweep,11650,30111317.917080387
404,2020,4,manipur,1627852,5602224558.458768
405,2020,4,maharashtra,407621004,622155530832.2585
406,2020,4,dadra & nagar haveli & daman & diu,1817791,2700511100.828503
407,2020,4,meghalaya,754008,1804242572.1989727
408,2020,4,andaman & nicobar islands,224531,627282656.3148524
409,2020,4,haryana,83171439,159998504366.53964
410,2020,4,rajasthan,190283435,386034779836.48376
411,2020,4,ladakh,332134,1111963470.5079594
412,2020,4,punjab,22997925,53775406479.553894
413,2020,4,assam,15423454,40226611319.263756
414,2020,4,jharkhand,39431633,72805174830.04245
415,2020,4,odisha,92324950,178302663014.6175
416,2020,4,bihar,96591673,238905613136.47186
417,2020,4,kerala,33288187,56755256647.011795
418,2020,4,karnataka,431536984,658036698565.0032
419,2020,4,chandigarh,2912716,6146762901.349345
420,2020,4,telangana,343643787,696350439226.9453
421,2020,4,himachal pradesh,7272328,13989053108.813015
422,2020,4,west bengal,100340645,199165491365.6468
423,2020,4,gujarat,77828547,148393060112.4366
424,2020,4,sikkim,735035,1919275805.122922
425,2020,4,nagaland,847825,2773084870.5627017
426,2020,4,mizoram,322607,986522115.6939572
427,2020,4,chhattisgarh,35529636,62214974283.94806
428,2020,4,jammu & kashmir,5754444,15380905803.378227
429,2020,4,goa,3801381,6899792747.579928
430,2020,4,arunachal pradesh,1209129,3570264021.8456187
431,2020,4,delhi,120540417,216265088224.5436
432,2020,4,uttarakhand,17613271,31792739329.110085
433,2021,1,puducherry,3309432,5899309571.743641
434,2021,1,tamil nadu,136556674,248668143873.65317
435,2021,1,uttar pradesh,204499547,396287587577.5575
436,2021,1,madhya pradesh,201998498,343533954382.3015
437,2021,1,andhra pradesh,289747970,672444670176.5881
438,2021,1,tripura,1511423,3335341569.793424
439,2021,1,lakshadweep,9085,27042782.914081153
440,2021,1,manipur,2303535,7070287514.479244
441,2021,1,maharashtra,517860240,769887352153.2483
442,2021,1,dadra & nagar haveli & daman & diu,1925244,2965632911.1935043
443,2021,1,meghalaya,747646,2055515277.9898345
444,2021,1,andaman & nicobar islands,244752,783706567.3897561
445,2021,1,haryana,90252784,168938301082.4288
446,2021,1,rajasthan,252730919,491492581657.63354
447,2021,1,ladakh,275415,983419813.2468786
448,2021,1,punjab,26770835,58690887091.106735
449,2021,1,assam,19512060,51326464546.12217
450,2021,1,jharkhand,44621663,83749353123.13824
451,2021,1,odisha,111460358,213397736188.33783
452,2021,1,bihar,114932477,280973649701.2259
453,2021,1,kerala,42316342,69260970161.89497
454,2021,1,karnataka,523797492,754995357412.3948
455,2021,1,chandigarh,3970237,7596420859.545994
456,2021,1,telangana,412572110,799359264046.5657
457,2021,1,himachal pradesh,7614029,14120546909.487547
458,2021,1,west bengal,118254052,242937207475.5198
459,2021,1,gujarat,94774565,183700780713.44968
460,2021,1,sikkim,800189,2217667726.8407273
461,2021,1,nagaland,975897,3107450484.613187
462,2021,1,mizoram,329575,1101105586.9459367
463,2021,1,chhattisgarh,39436437,69409843261.55008
464,2021,1,jammu & kashmir,6997570,17138349893.151793
465,2021,1,goa,5331549,9757242879.021431
466,2021,1,arunachal pradesh,1177456,3813779079.0166435
467,2021,1,delhi,157359004,266928345043.49225
468,2021,1,uttarakhand,20608402,36288189399.89833
469,2021,2,puducherry,3751387,6498834696.543897
470,2021,2,tamil nadu,146158442,263487341026.54623
471,2021,2,uttar pradesh,241949131,482172489166.39343
472,2021,2,madhya pradesh,223314680,425500768035.631
473,2021,2,andhra pradesh,352767134,850737499108.2986
474,2021,2,tripura,1744429,3468154361.036266
475,2021,2,lakshadweep,11384,27383463.657951534
476,2021,2,manipur,3086275,7889827962.396657
477,2021,2,maharashtra,573616486,915115055623.7152
478,2021,2,dadra & nagar haveli & daman & diu,2125083,3157668461.418905
479,2021,2,meghalaya,909594,2193617254.8905916
480,2021,2,andaman & nicobar islands,341414,899147016.1122956
481,2021,2,haryana,105680856,200357354238.6818
482,2021,2,rajasthan,287477039,561702765169.2324
483,2021,2,ladakh,399716,1427259095.4703174
484,2021,2,punjab,32171248,69531058562.6159
485,2021,2,assam,25432905,59192473376.66449
486,2021,2,jharkhand,54002145,104432643311.45735
487,2021,2,odisha,131824337,245864117477.27853
488,2021,2,bihar,155603622,374580255186.58875
489,2021,2,kerala,47191033,74226806436.15614
490,2021,2,karnataka,530649046,837887151230.051
491,2021,2,chandigarh,4417547,8417673939.9361
492,2021,2,telangana,495867544,1027958332797.5902
493,2021,2,himachal pradesh,9483902,16495634539.809265
494,2021,2,west bengal,141897437,279434811058.5615
495,2021,2,gujarat,111841396,210162054552.1156
496,2021,2,sikkim,976714,2424899579.6753
497,2021,2,nagaland,1130791,3156293963.781851
498,2021,2,mizoram,394340,1122874473.3020918
499,2021,2,chhattisgarh,44689420,78728771259.22594
500,2021,2,jammu & kashmir,10027819,22813755428.591625
501,2021,2,goa,4710135,8012853587.075999
502,2021,2,arunachal pradesh,1568338,4456425616.994377
503,2021,2,delhi,170157264,281941097684.5416
504,2021,2,uttarakhand,24000432,40990817874.83847
505,2021,3,puducherry,5121726,8729974431.01447
506,2021,3,tamil nadu,204357404,365207323053.92737
507,2021,3,uttar pradesh,306543384,557080841279.8989
508,2021,3,madhya pradesh,311443334,504412603851.499
509,2021,3,andhra pradesh,432032550,984218035564.122
510,2021,3,tripura,2081200,4364133768.181473
511,2021,3,lakshadweep,13370,38803163.698768154
512,2021,3,manipur,3941396,10406861028.904892
513,2021,3,maharashtra,792874060,1159257305167.4517
514,2021,3,dadra & nagar haveli & daman & diu,3129470,4305939102.791508
515,2021,3,meghalaya,1097731,2769000451.527979
516,2021,3,andaman & nicobar islands,449764,1310024395.8016036
517,2021,3,haryana,140459693,240827092259.20697
518,2021,3,rajasthan,400284753,710511328542.4896
519,2021,3,ladakh,590987,2213984743.93459
520,2021,3,punjab,42533489,85992560840.61221
521,2021,3,assam,33504441,75700499273.30748
522,2021,3,jharkhand,70795702,121891015118.8533
523,2021,3,odisha,177362674,303780718933.0267
524,2021,3,bihar,187671113,397062760956.3983
525,2021,3,kerala,63028266,101686161773.12894
526,2021,3,karnataka,753296539,1133234739157.5984
527,2021,3,chandigarh,6649378,11815883004.693302
528,2021,3,telangana,622886768,1178289126292.262
529,2021,3,himachal pradesh,12064167,21310262071.128155
530,2021,3,west bengal,181712988,362457066256.5059
531,2021,3,gujarat,149248407,272624626113.58765
532,2021,3,sikkim,1160594,2989336863.8083954
533,2021,3,nagaland,1356792,3987416848.005447
534,2021,3,mizoram,478529,1473748650.2119522
535,2021,3,chhattisgarh,64237938,104606108262.77591
536,2021,3,jammu & kashmir,13151041,31598443648.03224
537,2021,3,goa,6467763,10478425592.936367
538,2021,3,arunachal pradesh,1906967,5678124175.298816
539,2021,3,delhi,238760608,383858316548.281
540,2021,3,uttarakhand,31042284,50527496783.56469
541,2021,4,puducherry,6368810,10423651801.230518
542,2021,4,tamil nadu,259155976,443723952594.79407
543,2021,4,uttar pradesh,406157932,773890970072.1896
544,2021,4,madhya pradesh,404308084,656887492404.479
545,2021,4,andhra pradesh,522254003,1156264447083.9226
546,2021,4,tripura,2520693,5496929464.299448
547,2021,4,lakshadweep,15470,50998185.528381005
548,2021,4,manipur,4687439,12658472038.211857
549,2021,4,maharashtra,1010731502,1475358473128.29
550,2021,4,dadra & nagar haveli & daman & diu,4157085,5565839386.3306675
551,2021,4,meghalaya,1440193,3848765400.1861496
552,2021,4,andaman & nicobar islands,636123,1932610101.3236554
553,2021,4,haryana,169686975,309240599300.4638
554,2021,4,rajasthan,487621597,903934418544.2667
555,2021,4,ladakh,630187,2153535138.7802677
556,2021,4,punjab,52359360,110710126241.99957
557,2021,4,assam,46020361,104184967893.21591
558,2021,4,jharkhand,96009042,166017119003.7058
559,2021,4,odisha,233925366,385251049689.91846
560,2021,4,bihar,245126945,519371614068.7477
561,2021,4,kerala,81823741,123342136943.36395
562,2021,4,karnataka,931725438,1375471324349.8777
563,2021,4,chandigarh,7898903,14373583510.61845
564,2021,4,telangana,775989773,1463758189500.9146
565,2021,4,himachal pradesh,14666864,26136220500.625923
566,2021,4,west bengal,225029560,462218037262.097
567,2021,4,gujarat,182987325,342382580053.62726
568,2021,4,sikkim,1584345,4196783261.6358047
569,2021,4,nagaland,1631483,4939083784.136465
570,2021,4,mizoram,553329,1770665741.5230405
571,2021,4,chhattisgarh,84717494,136399110518.81381
572,2021,4,jammu & kashmir,16790628,38926237425.771454
573,2021,4,goa,11088759,18627257115.86965
574,2021,4,arunachal pradesh,2390598,6943510352.611343
575,2021,4,delhi,292683359,488695314062.3906
576,2021,4,uttarakhand,40361280,66148108159.422195
577,2022,1,puducherry,7359176,12083474905.386654
578,2022,1,tamil nadu,294573150,512789201600.61597
579,2022,1,uttar pradesh,473953246,883123174117.039
580,2022,1,madhya pradesh,472703058,747665139599.6421
581,2022,1,andhra pradesh,582603911,1294320646554.8625
582,2022,1,tripura,2871190,6247329764.349836
583,2022,1,lakshadweep,16397,54939432.65393007
584,2022,1,manipur,5313679,14144501078.373814
585,2022,1,maharashtra,1169506438,1681399273981.1614
586,2022,1,dadra & nagar haveli & daman & diu,4802803,6237048367.262389
587,2022,1,meghalaya,1674750,4662338331.33188
588,2022,1,andaman & nicobar islands,794748,2129030202.0751667
589,2022,1,haryana,191988609,341304042652.78125
590,2022,1,rajasthan,564962220,1022050180980.1362
591,2022,1,ladakh,630015,2025040918.8422096
592,2022,1,punjab,57758302,118389978105.96233
593,2022,1,assam,58889886,132280437892.70251
594,2022,1,jharkhand,110911210,194700207087.16907
595,2022,1,odisha,263633499,451227311779.7898
596,2022,1,bihar,284390434,611411695731.1454
597,2022,1,kerala,95280965,139988942464.69464
598,2022,1,karnataka,1057855407,1566649488305.8838
599,2022,1,chandigarh,8600491,15174991549.840002
600,2022,1,telangana,886453385,1670638169828.999
601,2022,1,himachal pradesh,16088180,26518447439.932728
602,2022,1,west bengal,260505092,551426663209.5653
603,2022,1,gujarat,210547146,392548092253.5477
604,2022,1,sikkim,1744302,4367431275.863418
605,2022,1,nagaland,1925952,5544951708.895753
606,2022,1,mizoram,604917,1945158963.6112473
607,2022,1,chhattisgarh,97413292,157847045454.8349
608,2022,1,jammu & kashmir,16245311,33147863626.158833
609,2022,1,goa,12214098,19816445402.846123
610,2022,1,arunachal pradesh,2804068,7828091628.0873575
611,2022,1,delhi,330999861,536964920836.2892
612,2022,1,uttarakhand,44560772,70978782500.07388
613,2022,2,puducherry,8643687,13778745255.768896
614,2022,2,tamil nadu,354506937,590134727678.3616
615,2022,2,uttar pradesh,595298776,1067515182419.9624
616,2022,2,madhya pradesh,544899829,867024737328.533
617,2022,2,andhra pradesh,671134030,1479853948202.9194
618,2022,2,tripura,3418664,6878271042.0352955
619,2022,2,lakshadweep,17569,55929601.98990567
620,2022,2,manipur,6105632,14922910635.149328
621,2022,2,maharashtra,1407533113,2006272382175.94
622,2022,2,dadra & nagar haveli & daman & diu,5759771,6995159780.810846
623,2022,2,meghalaya,2044649,5281491421.884784
624,2022,2,andaman & nicobar islands,1071217,2685920350.080267
625,2022,2,haryana,234699962,395234035249.5022
626,2022,2,rajasthan,661170150,1152833518600.3425
627,2022,2,ladakh,1118073,3543318177.9962664
628,2022,2,punjab,72272823,137345426369.22662
629,2022,2,assam,76334725,153111042086.78204
630,2022,2,jharkhand,132925275,225636227828.13763
631,2022,2,odisha,313451598,510035012340.00885
632,2022,2,bihar,360145029,754461454966.1152
633,2022,2,kerala,106365322,154696329549.125
634,2022,2,karnataka,1277448960,1867146114059.2139
635,2022,2,chandigarh,10772489,17283500158.371002
636,2022,2,telangana,1063382557,1951414544517.1062
637,2022,2,himachal pradesh,21291371,33709107958.242233
638,2022,2,west bengal,315742141,648575179584.2422
639,2022,2,gujarat,252052796,446798000976.83795
640,2022,2,sikkim,2322081,5611105670.307129
641,2022,2,nagaland,2031329,5740285349.020275
642,2022,2,mizoram,643977,2003186567.1089382
643,2022,2,chhattisgarh,116584048,181181677163.7799
644,2022,2,jammu & kashmir,23813747,46254290836.635826
645,2022,2,goa,14216054,22873037759.520226
646,2022,2,arunachal pradesh,3556925,9131665374.225872
647,2022,2,delhi,410634184,629855650458.2181
648,2022,2,uttarakhand,58166878,88313371025.334
649,2022,3,puducherry,7042727,10854317711.140945
650,2022,3,tamil nadu,393496175,631879220373.2378
651,2022,3,uttar pradesh,703589072,1121370050898.7214
652,2022,3,madhya pradesh,731259559,1032908494249.5833
653,2022,3,andhra pradesh,642855035,1385077409712.0752
654,2022,3,tripura,4256579,8648352804.91115
655,2022,3,lakshadweep,15241,47580009.61750026
656,2022,3,manipur,6352742,15381430267.299776
657,2022,3,maharashtra,1486389417,1947579187374.532
658,2022,3,dadra & nagar haveli & daman & diu,6465621,7520647359.499438
659,2022,3,meghalaya,4359165,9603300797.121542
660,2022,3,andaman & nicobar islands,1584379,3310631772.137388
661,2022,3,haryana,269361810,428054494578.0213
662,2022,3,rajasthan,767541360,1238489256318.2175
663,2022,3,ladakh,1190858,3605199350.373912
664,2022,3,punjab,84177897,149319443006.3546
665,2022,3,assam,86113811,161489079054.89807
666,2022,3,jharkhand,146815332,229412884063.95636
667,2022,3,odisha,386687326,564545557340.5428
668,2022,3,bihar,437367385,791446486557.8687
669,2022,3,kerala,119362904,162260419315.42975
670,2022,3,karnataka,1189761328,1665918232610.94
671,2022,3,chandigarh,13478173,20559757737.40586
672,2022,3,telangana,1628165401,2706325865752.0645
673,2022,3,himachal pradesh,25164868,37380782688.54074
674,2022,3,west bengal,356792388,704749898612.1294
675,2022,3,gujarat,303239732,497437502209.44305
676,2022,3,sikkim,2396758,5162880543.891459
677,2022,3,nagaland,1894113,5364400495.050829
678,2022,3,mizoram,659038,1946265612.067956
679,2022,3,chhattisgarh,158252587,220161558081.9853
680,2022,3,jammu & kashmir,22534394,40963554502.24847
681,2022,3,goa,13188687,19574265275.70635
682,2022,3,arunachal pradesh,3939418,9025110785.048618
683,2022,3,delhi,475592161,677612647116.1133
684,2022,3,uttarakhand,63996519,92641259938.36333
685,2022,4,puducherry,7556127,11142204877.174492
686,2022,4,tamil nadu,436316636,675689667591.437
687,2022,4,uttar pradesh,836369071,1376378802069.4858
688,2022,4,madhya pradesh,898828268,1302999857548.291
689,2022,4,andhra pradesh,690017077,1424725083041.687
690,2022,4,tripura,5198190,10452971818.154081
691,2022,4,lakshadweep,17147,54813873.614936255
692,2022,4,manipur,6428670,15625956698.341496
693,2022,4,maharashtra,1688775272,2210470839617.1724
694,2022,4,dadra & nagar haveli & daman & diu,7189585,8059640746.081128
695,2022,4,meghalaya,3932448,8996541156.34871
696,2022,4,andaman & nicobar islands,1987535,3984674404.428784
697,2022,4,haryana,296648365,490490659880.10236
698,2022,4,rajasthan,865574848,1456956699398.6523
699,2022,4,ladakh,1083372,2894477572.6789374
700,2022,4,punjab,91835180,168107427177.94028
701,2022,4,assam,103981267,192653519187.54803
702,2022,4,jharkhand,175300092,277971737448.5812
703,2022,4,odisha,445714743,652217064523.9851
704,2022,4,bihar,517084649,936012149674.8281
705,2022,4,kerala,132960468,173559808599.71005
706,2022,4,karnataka,1378910371,1904516622907.6313
707,2022,4,chandigarh,17904840,27879754566.939415
708,2022,4,telangana,1819506832,2978252562916.1367
709,2022,4,himachal pradesh,28555136,41779343232.37363
710,2022,4,west bengal,405847597,787775633607.248
711,2022,4,gujarat,341156018,567918305336.5343
712,2022,4,sikkim,3058339,6458385389.419817
713,2022,4,nagaland,2476205,6969966384.314047
714,2022,4,mizoram,693774,2037911085.2630136
715,2022,4,chhattisgarh,177960446,252519180810.47455
716,2022,4,jammu & kashmir,27316158,44315295915.49408
717,2022,4,goa,17192674,24924986371.339146
718,2022,4,arunachal pradesh,4632709,9684909697.502243
719,2022,4,delhi,515203457,744915016018.5759
720,2022,4,uttarakhand,77983880,115496046831.35889
721,2023,1,puducherry,10144295,14222388506.0
722,2023,1,tamil nadu,461212387,715583673518.0
723,2023,1,uttar pradesh,1002557722,1636936265372.0
724,2023,1,madhya pradesh,734566970,1062026599901.0
725,2023,1,andhra pradesh,1145532464,2249051316530.0
726,2023,1,tripura,7118687,13288282891.0
727,2023,1,lakshadweep,29520,85321961.0
728,2023,1,manipur,3258383,8585564092.0
729,2023,1,maharashtra,1848268499,2362285906059.0
730,2023,1,dadra & nagar haveli & daman & diu,11803985,12614091200.0
731,2023,1,meghalaya,4164705,10084840615.0
732,2023,1,andaman & nicobar islands,2276392,4461528587.0
733,2023,1,haryana,381318464,591150623736.0
734,2023,1,rajasthan,921096686,1554913375850.0
735,2023,1,ladakh,1567246,3849021298.0
736,2023,1,punjab,96910821,175508676860.0
737,2023,1,assam,113760638,212354167087.0
738,2023,1,jharkhand,240458103,367371336021.0
739,2023,1,odisha,482896088,753968977663.0
740,2023,1,bihar,547831195,1039276959944.0
741,2023,1,kerala,147621565,193637089677.0
742,2023,1,karnataka,1844697189,2470227226317.0
743,2023,1,chandigarh,9815605,12824894394.0
744,2023,1,telangana,1440331458,2372581734284.0
745,2023,1,himachal pradesh,27301726,37740947734.0
746,2023,1,west bengal,459278344,896883182555.0
747,2023,1,gujarat,362511326,597826188806.0
748,2023,1,sikkim,3396128,6762568022.0
749,2023,1,nagaland,2685570,7814397854.0
750,2023,1,mizoram,1052595,2955622739.0
751,2023,1,chhattisgarh,214748957,301088936459.0
752,2023,1,jammu & kashmir,38927244,55921747581.0
753,2023,1,goa,24195070,35096965775.0
754,2023,1,arunachal pradesh,8042825,16394578454.0
755,2023,1,delhi,409753103,611403109580.0
756,2023,1,uttarakhand,79385675,107179907585.0
757,2023,2,puducherry,11130326,15386733257.0
758,2023,2,tamil nadu,498429638,776362551015.0
759,2023,2,uttar pradesh,1211410582,1836622076526.0
760,2023,2,madhya pradesh,848037060,1202440949508.0
761,2023,2,andhra pradesh,1305656964,2506039086916.0
762,2023,2,tripura,7929543,13919130082.0
763,2023,2,lakshadweep,34918,97987438.0
764,2023,2,manipur,1606271,4463876653.0
765,2023,2,maharashtra,2063717848,2606004606468.0
766,2023,2,dadra & nagar haveli & daman & diu,13357115,13750538188.0
767,2023,2,meghalaya,5077212,11084506486.0
768,2023,2,andaman & nicobar islands,2707775,4990344236.0
769,2023,2,haryana,457536190,661742128636.0
770,2023,2,rajasthan,1073459338,1698455586300.0
771,2023,2,ladakh,2943815,7191103886.0
772,2023,2,punjab,117290289,194181575454.0
773,2023,2,assam,138290953,235110788783.0
774,2023,2,jharkhand,289233893,422214727508.0
775,2023,2,odisha,544597829,799332054104.0
776,2023,2,bihar,683933094,1226046745390.0
777,2023,2,kerala,156170617,207796670985.0
778,2023,2,karnataka,2067867526,2777599098830.0
779,2023,2,chandigarh,11553687,14414408750.0
780,2023,2,telangana,1665430971,2698149935008.0
781,2023,2,himachal pradesh,35061595,46875063718.0
782,2023,2,west bengal,545317686,1009315106972.0
783,2023,2,gujarat,416922553,645407208525.0
784,2023,2,sikkim,4412967,8580350436.0
785,2023,2,nagaland,2922001,8021399310.0
786,2023,2,mizoram,1208930,3191806576.0
787,2023,2,chhattisgarh,249931636,333156846754.0
788,2023,2,jammu & kashmir,54588299,76530005380.0
789,2023,2,goa,26530590,38412206943.0
790,2023,2,arunachal pradesh,10360488,19805698664.0
791,2023,2,delhi,482138998,661728515657.0
792,2023,2,uttarakhand,102758214,134072872398.0
793,2023,3,puducherry,12379641,16444491839.0
794,2023,3,tamil nadu,556085008,833105264698.0
795,2023,3,uttar pradesh,1354622466,1861748362006.0
796,2023,3,madhya pradesh,978812593,1237821998249.0
797,2023,3,andhra pradesh,1475164403,2653414098098.0
798,2023,3,tripura,9108762,15249223330.0
799,2023,3,lakshadweep,43757,94527061.0
800,2023,3,manipur,865478,3608286601.0
801,2023,3,maharashtra,2290678587,2752172184241.0
802,2023,3,dadra & nagar haveli & daman & diu,15370328,15096066463.0
803,2023,3,meghalaya,6029842,11406633080.0
804,2023,3,andaman & nicobar islands,3098376,5211596791.0
805,2023,3,haryana,501519478,677491980740.0
806,2023,3,rajasthan,1237232167,1800225443616.0
807,2023,3,ladakh,3621366,8250572243.0
808,2023,3,punjab,132161181,205225582737.0
809,2023,3,assam,167575351,244058014402.0
810,2023,3,jharkhand,318237426,418384424020.0
811,2023,3,odisha,622397603,840298338124.0
812,2023,3,bihar,734238751,1148153363366.0
813,2023,3,kerala,170658651,220332613329.0
814,2023,3,karnataka,2369262302,2985880895587.0
815,2023,3,chandigarh,13052165,15426783311.0
816,2023,3,telangana,1875045924,2870202901073.0
817,2023,3,himachal pradesh,33337054,41854571637.0
818,2023,3,west bengal,632093191,1071548606382.0
819,2023,3,gujarat,479303590,707737036450.0
820,2023,3,sikkim,4804937,8107237421.0
821,2023,3,nagaland,3422331,8616299673.0
822,2023,3,mizoram,1310413,3106130235.0
823,2023,3,chhattisgarh,283492657,350379679526.0
824,2023,3,jammu & kashmir,63903579,86016148426.0
825,2023,3,goa,26999728,37375179974.0
826,2023,3,arunachal pradesh,12802433,21127391086.0
827,2023,3,delhi,546706983,708199251438.0
828,2023,3,uttarakhand,106284687,128762398121.0
829,2023,4,puducherry,12986163,17024510550.0
830,2023,4,tamil nadu,593481381,872870665005.0
831,2023,4,uttar pradesh,1566705382,2257441161652.0
832,2023,4,madhya pradesh,1102294613,1426502880687.0
833,2023,4,andhra pradesh,1596987426,2802514977823.0
834,2023,4,tripura,10140910,16819896794.0
835,2023,4,lakshadweep,63479,119831383.0
836,2023,4,manipur,2113200,6800325298.0
837,2023,4,maharashtra,2572162725,3098014934958.0
838,2023,4,dadra & nagar haveli & daman & diu,18302373,17558059967.0
839,2023,4,meghalaya,7268384,13873058692.0
840,2023,4,andaman & nicobar islands,3695783,6269552499.0
841,2023,4,haryana,554748233,782270484600.0
842,2023,4,rajasthan,1349472154,2066379607801.0
843,2023,4,ladakh,3150218,6942986945.0
844,2023,4,punjab,142228995,231139462165.0
845,2023,4,assam,193752157,285603636931.0
846,2023,4,jharkhand,374538362,498720104925.0
847,2023,4,odisha,732137476,978791865637.0
848,2023,4,bihar,924427274,1434735808415.0
849,2023,4,kerala,179843093,224985321465.0
850,2023,4,karnataka,2564434164,3241376424383.0
851,2023,4,chandigarh,13280078,16281223001.0
852,2023,4,telangana,2020822178,3116417474765.0
853,2023,4,himachal pradesh,38651839,48280246564.0
854,2023,4,west bengal,737953238,1249394976078.0
855,2023,4,gujarat,534115578,795087199074.0
856,2023,4,sikkim,4857324,8590608471.0
857,2023,4,nagaland,3797179,9674575422.0
858,2023,4,mizoram,1500728,3540840283.0
859,2023,4,chhattisgarh,321876332,403985034545.0
860,2023,4,jammu & kashmir,69167132,93070141760.0
861,2023,4,goa,33460978,44287671557.0
862,2023,4,arunachal pradesh,14617742,24128799794.0
863,2023,4,delhi,598150746,799649719349.0
864,2023,4,uttarakhand,118071440,148083447262.0
865,2024,1,puducherry,13446950,17386481977.0
866,2024,1,tamil nadu,640327197,913861111062.0
867,2024,1,uttar pradesh,1785296948,2477543106639.0
868,2024,1,madhya pradesh,1286156614,1625420229864.0
869,2024,1,andhra pradesh,1755428485,3012725669749.0
870,2024,1,tripura,11042639,17752189374.0
871,2024,1,lakshadweep,81176,130052381.0
872,2024,1,manipur,3845564,9242973323.0
873,2024,1,maharashtra,2835770481,3372898894856.0
874,2024,1,dadra & nagar haveli & daman & diu,21115009,19519196325.0
875,2024,1,meghalaya,8531262,15629304658.0
876,2024,1,andaman & nicobar islands,4184920,6859151835.0
877,2024,1,haryana,604293500,806788219232.0
878,2024,1,rajasthan,1599474007,2350500173790.0
879,2024,1,ladakh,2987101,6085390661.0
880,2024,1,punjab,142537179,223303420322.0
881,2024,1,assam,221525056,321183906030.0
882,2024,1,jharkhand,426759095,559720237073.0
883,2024,1,odisha,864178452,1156388722536.0
884,2024,1,bihar,1078734783,1637736864896.0
885,2024,1,kerala,181463966,227077974738.0
886,2024,1,karnataka,2796439155,3485248654506.0
887,2024,1,chandigarh,13155173,15842176181.0
888,2024,1,telangana,2179385307,3203769301073.0
889,2024,1,himachal pradesh,39520561,47884231339.0
890,2024,1,west bengal,836408587,1422025506833.0
891,2024,1,gujarat,606576671,871619464924.0
892,2024,1,sikkim,5820146,9455721523.0
893,2024,1,nagaland,4258924,10044915308.0
894,2024,1,mizoram,1627016,3630096730.0
895,2024,1,chhattisgarh,366176684,463009809901.0
896,2024,1,jammu & kashmir,75116355,93960928941.0
897,2024,1,goa,35013987,45351900260.0
898,2024,1,arunachal pradesh,16406414,26047044476.0
899,2024,1,delhi,650734058,832514031113.0
900,2024,1,uttarakhand,123234577,150276835263.0
901,2024,2,puducherry,14564895,18242009736.0
902,2024,2,tamil nadu,705083686,985151149866.0
903,2024,2,uttar pradesh,2135538658,2704223360067.0
904,2024,2,madhya pradesh,1435472057,1779679946627.0
905,2024,2,andhra pradesh,1930122300,3181922420088.0
906,2024,2,tripura,12787547,18137431068.0
907,2024,2,lakshadweep,109085,146212841.0
908,2024,2,manipur,5063324,10898000793.0
909,2024,2,maharashtra,3063494802,3573189333587.0
910,2024,2,dadra & nagar haveli & daman & diu,23393115,20328992711.0
911,2024,2,meghalaya,11089661,16794614094.0
912,2024,2,andaman & nicobar islands,4653224,7295780330.0
913,2024,2,haryana,738553925,905444595600.0
914,2024,2,rajasthan,1818855106,2497094537924.0
915,2024,2,ladakh,5327359,10125723348.0
916,2024,2,punjab,171946137,244435036984.0
917,2024,2,assam,271327087,345308670210.0
918,2024,2,jharkhand,499685871,620115922491.0
919,2024,2,odisha,944027735,1164839284001.0
920,2024,2,bihar,1313888385,1886846564676.0
921,2024,2,kerala,194872467,242003822595.0
922,2024,2,karnataka,3042012848,3785034703438.0
923,2024,2,chandigarh,15940973,17556903812.0
924,2024,2,telangana,2417264357,3461542433312.0
925,2024,2,himachal pradesh,52583801,59849740702.0
926,2024,2,west bengal,980480707,1547343815564.0
927,2024,2,gujarat,690395153,910625046933.0
928,2024,2,sikkim,7188322,11296518155.0
929,2024,2,nagaland,5598700,11012913096.0
930,2024,2,mizoram,1977079,3798477640.0
931,2024,2,chhattisgarh,412047705,496313432419.0
932,2024,2,jammu & kashmir,108179014,129061756911.0
933,2024,2,goa,37000806,47454830712.0
934,2024,2,arunachal pradesh,19478372,29706351630.0
935,2024,2,delhi,777540400,896917676180.0
936,2024,2,uttarakhand,158564982,180612915790.0
937,2024,3,puducherry,16008711,19535004396.0
938,2024,3,tamil nadu,778536701,1050779594821.0
939,2024,3,uttar pradesh,2285955833,2717475205234.0
940,2024,3,madhya pradesh,1537738457,1761082466531.0
941,2024,3,andhra pradesh,2091371362,3226645607489.0
942,2024,3,tripura,14400581,19948846189.0
943,2024,3,lakshadweep,157478,192408087.0
944,2024,3,manipur,5700096,11671516831.0
945,2024,3,maharashtra,3287403995,3687268662139.0
946,2024,3,dadra & nagar haveli & daman & diu,25446270,21564631566.0
947,2024,3,meghalaya,12110124,16292956696.0
948,2024,3,andaman & nicobar islands,5279250,7663845009.0
949,2024,3,haryana,794940220,923206681798.0
950,2024,3,rajasthan,1935405035,2472257715905.0
951,2024,3,ladakh,6913885,12652871712.0
952,2024,3,punjab,187554720,256116156529.0
953,2024,3,assam,295345591,333558308550.0
954,2024,3,jharkhand,522575883,609909540592.0
955,2024,3,odisha,1023940349,1177233944634.0
956,2024,3,bihar,1352876223,1780280473339.0
957,2024,3,kerala,214695458,258302031309.0
958,2024,3,karnataka,3261134095,3907202566484.0
959,2024,3,chandigarh,17708385,19259257876.0
960,2024,3,telangana,2610137835,3551316976598.0
961,2024,3,himachal pradesh,49737549,56615941598.0
962,2024,3,west bengal,1084916445,1607643782237.0
963,2024,3,gujarat,757441250,963551388101.0
964,2024,3,sikkim,7713781,10569829072.0
965,2024,3,nagaland,6981635,12281315168.0
966,2024,3,mizoram,2360206,3923888231.0
967,2024,3,chhattisgarh,443640102,497360133758.0
968,2024,3,jammu & kashmir,119555288,144470345977.0
969,2024,3,goa,36762111,45913528012.0
970,2024,3,arunachal pradesh,24447142,31601956705.0
971,2024,3,delhi,844844523,958203383588.0
972,2024,3,uttarakhand,159278815,173414867549.0
973,2024,4,puducherry,16559677,19965392547.0
974,2024,4,tamil nadu,820423888,1087632875606.0
975,2024,4,uttar pradesh,2544890265,3214106522459.0
976,2024,4,madhya pradesh,1685401835,2003305068845.0
977,2024,4,andhra pradesh,2296445544,3452015568966.0
978,2024,4,tripura,15945159,22409905268.0
979,2024,4,lakshadweep,197777,247756681.0
980,2024,4,manipur,5750423,12061708556.0
981,2024,4,maharashtra,3634231839,4151028450887.0
982,2024,4,dadra & nagar haveli & daman & diu,28463700,23945221461.0
983,2024,4,meghalaya,14166380,19674927433.0
984,2024,4,andaman & nicobar islands,6063900,8920944773.0
985,2024,4,haryana,841394290,1031959359354.0
986,2024,4,rajasthan,2043469547,2793049371408.0
987,2024,4,ladakh,5711284,10854417654.0
988,2024,4,punjab,199509220,289125652032.0
989,2024,4,assam,332441531,382786405959.0
990,2024,4,jharkhand,586904686,704010501034.0
991,2024,4,odisha,1143097568,1305457593239.0
992,2024,4,bihar,1559667675,2098927476047.0
993,2024,4,kerala,233112441,273639970566.0
994,2024,4,karnataka,3455056424,4151819803822.0
995,2024,4,chandigarh,18528444,20501385889.0
996,2024,4,telangana,2822451603,3859050535418.0
997,2024,4,himachal pradesh,53798398,63736996234.0
998,2024,4,west bengal,1227135682,1810100029406.0
999,2024,4,gujarat,827374966,1076014501422.0
1000,2024,4,sikkim,8916870,12641101398.0
1001,2024,4,nagaland,7921552,13959098676.0
1002,2024,4,mizoram,2702443,4461162922.0
1003,2024,4,chhattisgarh,500655404,576828444625.0
1004,2024,4,jammu & kashmir,126261217,160950980732.0
1005,2024,4,goa,46131536,56562589543.0
1006,2024,4,arunachal pradesh,26793457,35079886873.0
1007,2024,4,delhi,910543082,1057060485903.0
1008,2024,4,uttarakhand,171136132,194908790959.0
