id,year,quarter,state,registered_users,app_opens
1,2018,1,puducherry,49318,0
2,2018,1,tamil nadu,2104754,0
3,2018,1,uttar pradesh,4694250,0
4,2018,1,madhya pradesh,2553603,0
5,2018,1,andhra pradesh,3336450,0
6,2018,1,tripura,55157,0
7,2018,1,lakshadweep,501,0
8,2018,1,manipur,29925,0
9,2018,1,maharashtra,6106994,0
10,2018,1,dadra & nagar haveli & daman & diu,53258,0
11,2018,1,meghalaya,18513,0
12,2018,1,andaman & nicobar islands,6740,0
13,2018,1,haryana,1847357,0
14,2018,1,rajasthan,3158202,0
15,2018,1,ladakh,8784,0
16,2018,1,punjab,847142,0
17,2018,1,assam,385237,0
18,2018,1,jharkhand,885762,0
19,2018,1,odisha,1594015,0
20,2018,1,bihar,2133804,0
21,2018,1,kerala,784184,0
22,2018,1,karnataka,3717763,0
23,2018,1,chandigarh,86268,0
24,2018,1,telangana,3315560,0
25,2018,1,himachal pradesh,227373,0
26,2018,1,west bengal,2604789,0
27,2018,1,gujarat,2690048,0
28,2018,1,sikkim,20051,0
29,2018,1,nagaland,15074,0
30,2018,1,mizoram,7593,0
31,2018,1,chhattisgarh,679263,0
32,2018,1,jammu & kashmir,176425,0
33,2018,1,goa,91936,0
34,2018,1,arunachal pradesh,21495,0
35,2018,1,delhi,2087022,0
36,2018,1,uttarakhand,483043,0
37,2018,2,puducherry,65580,0
38,2018,2,tamil nadu,2996036,0
39,2018,2,uttar pradesh,6442554,0
40,2018,2,madhya pradesh,3441662,0
41,2018,2,andhra pradesh,4402540,0
42,2018,2,tripura,83369,0
43,2018,2,lakshadweep,686,0
44,2018,2,manipur,46055,0
45,2018,2,maharashtra,8222371,0
46,2018,2,dadra & nagar haveli & daman & diu,71458,0
47,2018,2,meghalaya,26618,0
48,2018,2,andaman & nicobar islands,9405,0
49,2018,2,haryana,2447221,0
50,2018,2,rajasthan,4212964,0
51,2018,2,ladakh,12918,0
52,2018,2,punjab,1152190,0
53,2018,2,assam,571046,0
54,2018,2,jharkhand,1230599,0
55,2018,2,odisha,2185781,0
56,2018,2,bihar,3005872,0
57,2018,2,kerala,1066587,0
58,2018,2,karnataka,5030665,0
59,2018,2,chandigarh,115219,0
60,2018,2,telangana,4260115,0
61,2018,2,himachal pradesh,315299,0
62,2018,2,west bengal,3833795,0
63,2018,2,gujarat,3565825,0
64,2018,2,sikkim,28097,0
65,2018,2,nagaland,22436,0
66,2018,2,mizoram,10422,0
67,2018,2,chhattisgarh,950675,0
68,2018,2,jammu & kashmir,261609,0
69,2018,2,goa,122174,0
70,2018,2,arunachal pradesh,32883,0
71,2018,2,delhi,2756141,0
72,2018,2,uttarakhand,649142,0
73,2018,3,puducherry,81546,0
74,2018,3,tamil nadu,3900177,0
75,2018,3,uttar pradesh,8096483,0
76,2018,3,madhya pradesh,4309309,0
77,2018,3,andhra pradesh,5427617,0
78,2018,3,tripura,116874,0
79,2018,3,lakshadweep,918,0
80,2018,3,manipur,61935,0
81,2018,3,maharashtra,10435033,0
82,2018,3,dadra & nagar haveli & daman & diu,92107,0
83,2018,3,meghalaya,37281,0
84,2018,3,andaman & nicobar islands,12149,0
85,2018,3,haryana,3020398,0
86,2018,3,rajasthan,5175453,0
87,2018,3,ladakh,17749,0
88,2018,3,punjab,1473148,0
89,2018,3,assam,784802,0
90,2018,3,jharkhand,1532362,0
91,2018,3,odisha,2795718,0
92,2018,3,bihar,3784535,0
93,2018,3,kerala,1347598,0
94,2018,3,karnataka,6372649,0
95,2018,3,chandigarh,143893,0
96,2018,3,telangana,5138501,0
97,2018,3,himachal pradesh,407634,0
98,2018,3,west bengal,4851740,0
99,2018,3,gujarat,4433183,0
100,2018,3,sikkim,37637,0
101,2018,3,nagaland,32090,0
102,2018,3,mizoram,14502,0
103,2018,3,chhattisgarh,1217792,0
104,2018,3,jammu & kashmir,342529,0
105,2018,3,goa,153802,0
106,2018,3,arunachal pradesh,45922,0
107,2018,3,delhi,3504911,0
108,2018,3,uttarakhand,810612,0
109,2018,4,puducherry,109494,0
110,2018,4,tamil nadu,5199878,0
111,2018,4,uttar pradesh,10341964,0
112,2018,4,madhya pradesh,5365442,0
113,2018,4,andhra pradesh,6857409,0
114,2018,4,tripura,153265,0
115,2018,4,lakshadweep,1156,0
116,2018,4,manipur,82589,0
117,2018,4,maharashtra,13381602,0
118,2018,4,dadra & nagar haveli & daman & diu,116511,0
119,2018,4,meghalaya,49634,0
120,2018,4,andaman & nicobar islands,15222,0
121,2018,4,haryana,3793079,0
122,2018,4,rajasthan,6358738,0
123,2018,4,ladakh,23883,0
124,2018,4,punjab,1865715,0
125,2018,4,assam,1039221,0
126,2018,4,jharkhand,1913949,0
127,2018,4,odisha,3623911,0
128,2018,4,bihar,4776665,0
129,2018,4,kerala,1757326,0
130,2018,4,karnataka,8315802,0
131,2018,4,chandigarh,177747,0
132,2018,4,telangana,6529679,0
133,2018,4,himachal pradesh,526343,0
134,2018,4,west bengal,6279278,0
135,2018,4,gujarat,5579040,0
136,2018,4,sikkim,48538,0
137,2018,4,nagaland,42997,0
138,2018,4,mizoram,19365,0
139,2018,4,chhattisgarh,1579998,0
140,2018,4,jammu & kashmir,436563,0
141,2018,4,goa,195350,0
142,2018,4,arunachal pradesh,61852,0
143,2018,4,delhi,4630313,0
144,2018,4,uttarakhand,1012103,0
145,2019,1,puducherry,133059,0
146,2019,1,tamil nadu,6296303,0
147,2019,1,uttar pradesh,12458661,0
148,2019,1,madhya pradesh,6414403,0
149,2019,1,andhra pradesh,8283019,0
150,2019,1,tripura,183254,0
151,2019,1,lakshadweep,1416,0
152,2019,1,manipur,99527,0
153,2019,1,maharashtra,16284451,0
154,2019,1,dadra & nagar haveli & daman & diu,140532,0
155,2019,1,meghalaya,61487,0
156,2019,1,andaman & nicobar islands,18596,0
157,2019,1,haryana,4538767,0
158,2019,1,rajasthan,7712204,0
159,2019,1,ladakh,29649,0
160,2019,1,punjab,2226590,0
161,2019,1,assam,1259085,0
162,2019,1,jharkhand,2279329,0
163,2019,1,odisha,4320744,0
164,2019,1,bihar,5745117,0
165,2019,1,kerala,2136624,0
166,2019,1,karnataka,10266174,0
167,2019,1,chandigarh,209175,0
168,2019,1,telangana,7963425,0
169,2019,1,himachal pradesh,653205,0
170,2019,1,west bengal,7449425,0
171,2019,1,gujarat,6652536,0
172,2019,1,sikkim,58956,0
173,2019,1,nagaland,53911,0
174,2019,1,mizoram,23670,0
175,2019,1,chhattisgarh,1908898,0
176,2019,1,jammu & kashmir,530669,0
177,2019,1,goa,238152,0
178,2019,1,arunachal pradesh,76957,0
179,2019,1,delhi,5499263,0
180,2019,1,uttarakhand,1224955,0
181,2019,2,puducherry,156458,661932
182,2019,2,tamil nadu,7429609,33658961
183,2019,2,uttar pradesh,14316349,78394040
184,2019,2,madhya pradesh,7301172,50642151
185,2019,2,andhra pradesh,9389003,81375251
186,2019,2,tripura,217644,953627
187,2019,2,lakshadweep,1747,4580
188,2019,2,manipur,117747,464829
189,2019,2,maharashtra,18776975,109967705
190,2019,2,dadra & nagar haveli & daman & diu,158580,860686
191,2019,2,meghalaya,74746,395764
192,2019,2,andaman & nicobar islands,21731,52640
193,2019,2,haryana,5178030,31929195
194,2019,2,rajasthan,8783935,62787336
195,2019,2,ladakh,35516,157317
196,2019,2,punjab,2600112,10928094
197,2019,2,assam,1500128,7350326
198,2019,2,jharkhand,2604854,14929066
199,2019,2,odisha,4845359,33955545
200,2019,2,bihar,6589759,39607022
201,2019,2,kerala,2550167,8673220
202,2019,2,karnataka,11968087,113024811
203,2019,2,chandigarh,240439,1220176
204,2019,2,telangana,9046007,80842302
205,2019,2,himachal pradesh,772603,3321711
206,2019,2,west bengal,8612795,49514201
207,2019,2,gujarat,7574645,34890301
208,2019,2,sikkim,70999,398520
209,2019,2,nagaland,66891,362497
210,2019,2,mizoram,28696,133025
211,2019,2,chhattisgarh,2191066,13206373
212,2019,2,jammu & kashmir,631193,2705373
213,2019,2,goa,278940,1352232
214,2019,2,arunachal pradesh,95885,502873
215,2019,2,delhi,6165448,43731570
216,2019,2,uttarakhand,1414339,7454279
217,2019,3,puducherry,177868,2476922
218,2019,3,tamil nadu,8428835,124690342
219,2019,3,uttar pradesh,16044607,268142606
220,2019,3,madhya pradesh,8180664,192353380
221,2019,3,andhra pradesh,10458693,310953542
222,2019,3,tripura,245456,3350991
223,2019,3,lakshadweep,2117,15038
224,2019,3,manipur,136316,1594205
225,2019,3,maharashtra,21313081,439998413
226,2019,3,dadra & nagar haveli & daman & diu,176929,3126189
227,2019,3,meghalaya,87395,1387814
228,2019,3,andaman & nicobar islands,23931,171107
229,2019,3,haryana,5783752,118332587
230,2019,3,rajasthan,9797304,238338999
231,2019,3,ladakh,39173,503126
232,2019,3,punjab,2962713,40860886
233,2019,3,assam,1731523,25393673
234,2019,3,jharkhand,2915511,55504460
235,2019,3,odisha,5387209,130181456
236,2019,3,bihar,7380265,126521298
237,2019,3,kerala,2990963,31471694
238,2019,3,karnataka,13635075,445683660
239,2019,3,chandigarh,267337,4625196
240,2019,3,telangana,10090557,318124511
241,2019,3,himachal pradesh,876184,10720741
242,2019,3,west bengal,9643222,176559011
243,2019,3,gujarat,8429299,129441484
244,2019,3,sikkim,82128,1316804
245,2019,3,nagaland,80077,1244022
246,2019,3,mizoram,34134,457834
247,2019,3,chhattisgarh,2435058,46362341
248,2019,3,jammu & kashmir,658455,3843919
249,2019,3,goa,317194,4753892
250,2019,3,arunachal pradesh,112149,1811700
251,2019,3,delhi,6782286,163381027
252,2019,3,uttarakhand,1585859,24660988
253,2019,4,puducherry,204292,3263122
254,2019,4,tamil nadu,9620493,155011717
255,2019,4,uttar pradesh,17949542,324068625
256,2019,4,madhya pradesh,9165241,237844976
257,2019,4,andhra pradesh,11757883,411201518
258,2019,4,tripura,272298,3610807
259,2019,4,lakshadweep,2427,17760
260,2019,4,manipur,155358,1855488
261,2019,4,maharashtra,23745297,543654112
262,2019,4,dadra & nagar haveli & daman & diu,197598,3770543
263,2019,4,meghalaya,100030,1490542
264,2019,4,andaman & nicobar islands,25960,177012
265,2019,4,haryana,6366679,136721888
266,2019,4,rajasthan,10925031,288904693
267,2019,4,ladakh,43108,470440
268,2019,4,punjab,3321742,47673880
269,2019,4,assam,1941220,26599449
270,2019,4,jharkhand,3281371,70181789
271,2019,4,odisha,6115537,189905719
272,2019,4,bihar,8342274,163998097
273,2019,4,kerala,3503938,40046033
274,2019,4,karnataka,15385416,569674870
275,2019,4,chandigarh,289590,4960441
276,2019,4,telangana,11220691,399239044
277,2019,4,himachal pradesh,985945,12637904
278,2019,4,west bengal,10885058,244326613
279,2019,4,gujarat,9323799,147973757
280,2019,4,sikkim,92972,1552004
281,2019,4,nagaland,93124,1454551
282,2019,4,mizoram,39809,529168
283,2019,4,chhattisgarh,2725900,57278977
284,2019,4,jammu & kashmir,673367,998572
285,2019,4,goa,353546,6290543
286,2019,4,arunachal pradesh,129321,2140340
287,2019,4,delhi,7289883,172682671
288,2019,4,uttarakhand,1752677,28853867
289,2020,1,puducherry,230908,3820943
290,2020,1,tamil nadu,10872368,179908753
291,2020,1,uttar pradesh,20136256,374282083
292,2020,1,madhya pradesh,10151371,262452480
293,2020,1,andhra pradesh,13022060,486513773
294,2020,1,tripura,299962,4063223
295,2020,1,lakshadweep,2772,21982
296,2020,1,manipur,177374,2175642
297,2020,1,maharashtra,26168390,615146568
298,2020,1,dadra & nagar haveli & daman & diu,218496,4195122
299,2020,1,meghalaya,113814,1716211
300,2020,1,andaman & nicobar islands,28368,193586
301,2020,1,haryana,7018770,157793468
302,2020,1,rajasthan,12142053,341815756
303,2020,1,ladakh,47790,590484
304,2020,1,punjab,3739502,53853710
305,2020,1,assam,2185938,33097892
306,2020,1,jharkhand,3651393,74014713
307,2020,1,odisha,6652970,175918622
308,2020,1,bihar,9351234,183868505
309,2020,1,kerala,4078316,46396398
310,2020,1,karnataka,17016980,626488036
311,2020,1,chandigarh,312887,5201211
312,2020,1,telangana,12306860,454723816
313,2020,1,himachal pradesh,1106025,14640104
314,2020,1,west bengal,11960822,207068218
315,2020,1,gujarat,10259843,165605122
316,2020,1,sikkim,104631,1697163
317,2020,1,nagaland,107143,1684520
318,2020,1,mizoram,46499,644683
319,2020,1,chhattisgarh,3016487,64224101
320,2020,1,jammu & kashmir,735408,4476894
321,2020,1,goa,391900,7147233
322,2020,1,arunachal pradesh,149066,2598321
323,2020,1,delhi,7826197,178263986
324,2020,1,uttarakhand,1943606,32631265
325,2020,2,puducherry,255600,3057608
326,2020,2,tamil nadu,12150786,144907447
327,2020,2,uttar pradesh,22498519,383703534
328,2020,2,madhya pradesh,11374423,253770044
329,2020,2,andhra pradesh,14319675,494341698
330,2020,2,tripura,336666,4443221
331,2020,2,lakshadweep,3187,29202
332,2020,2,manipur,215496,3011491
333,2020,2,maharashtra,28765086,506354812
334,2020,2,dadra & nagar haveli & daman & diu,244814,4505127
335,2020,2,meghalaya,136211,2205253
336,2020,2,andaman & nicobar islands,32710,305072
337,2020,2,haryana,7682878,143650123
338,2020,2,rajasthan,13563201,329941181
339,2020,2,ladakh,53034,695673
340,2020,2,punjab,4225481,51289576
341,2020,2,assam,2550883,39304924
342,2020,2,jharkhand,4061035,76339276
343,2020,2,odisha,7258315,154682772
344,2020,2,bihar,10603767,218435035
345,2020,2,kerala,4728844,45832953
346,2020,2,karnataka,18655366,490510075
347,2020,2,chandigarh,336351,3451250
348,2020,2,telangana,13378191,367130505
349,2020,2,himachal pradesh,1249867,16125580
350,2020,2,west bengal,13222022,198589332
351,2020,2,gujarat,11392657,155264359
352,2020,2,sikkim,119921,1912335
353,2020,2,nagaland,130205,2119279
354,2020,2,mizoram,55574,739308
355,2020,2,chhattisgarh,3401658,68493384
356,2020,2,jammu & kashmir,845294,9856653
357,2020,2,goa,430639,5310126
358,2020,2,arunachal pradesh,177534,3387006
359,2020,2,delhi,8391139,142852253
360,2020,2,uttarakhand,2148567,31074793
361,2020,3,puducherry,285173,4222159
362,2020,3,tamil nadu,13643451,194683284
363,2020,3,uttar pradesh,24838116,450784508
364,2020,3,madhya pradesh,12564224,324850994
365,2020,3,andhra pradesh,15692405,696300382
366,2020,3,tripura,376731,5777908
367,2020,3,lakshadweep,3644,32128
368,2020,3,manipur,258563,3552375
369,2020,3,maharashtra,31409513,668197101
370,2020,3,dadra & nagar haveli & daman & diu,267946,4421499
371,2020,3,meghalaya,157741,2384534
372,2020,3,andaman & nicobar islands,41335,515565
373,2020,3,haryana,8398816,188614769
374,2020,3,rajasthan,14969412,436682870
375,2020,3,ladakh,58401,1015680
376,2020,3,punjab,4694233,58946732
377,2020,3,assam,2830011,41875278
378,2020,3,jharkhand,4480027,99318784
379,2020,3,odisha,7901755,205597666
380,2020,3,bihar,11763213,266652644
381,2020,3,kerala,5582300,64309022
382,2020,3,karnataka,20487550,693683212
383,2020,3,chandigarh,362588,4888739
384,2020,3,telangana,14590882,527781925
385,2020,3,himachal pradesh,1378634,18411750
386,2020,3,west bengal,14448366,246554831
387,2020,3,gujarat,12467847,184402472
388,2020,3,sikkim,134773,2156470
389,2020,3,nagaland,173106,2868642
390,2020,3,mizoram,68315,924865
391,2020,3,chhattisgarh,3799386,86918606
392,2020,3,jammu & kashmir,949819,11443454
393,2020,3,goa,474962,6129766
394,2020,3,arunachal pradesh,206046,4003421
395,2020,3,delhi,9044174,190025029
396,2020,3,uttarakhand,2365438,40377348
397,2020,4,puducherry,319626,6377136
398,2020,4,tamil nadu,15357586,288233552
399,2020,4,uttar pradesh,27249134,552220798
400,2020,4,madhya pradesh,13737947,405571446
401,2020,4,andhra pradesh,17076565,869078538
402,2020,4,tripura,409110,6017249
403,2020,4,lakshadweep,4179,41144
404,2020,4,manipur,288772,3783432
405,2020,4,maharashtra,34432631,952006770
406,2020,4,dadra & nagar haveli & daman & diu,296493,6196436
407,2020,4,meghalaya,176447,2745917
408,2020,4,andaman & nicobar islands,52396,887208
409,2020,4,haryana,9129873,236101307
410,2020,4,rajasthan,16329494,511015109
411,2020,4,ladakh,64853,1232757
412,2020,4,punjab,5157868,71191183
413,2020,4,assam,3106153,49321814
414,2020,4,jharkhand,4917938,126310835
415,2020,4,odisha,8598751,270085293
416,2020,4,bihar,12889833,317056600
417,2020,4,kerala,6387169,91415273
418,2020,4,karnataka,22400182,935510690
419,2020,4,chandigarh,391402,6477974
420,2020,4,telangana,15927797,764614235
421,2020,4,himachal pradesh,1508766,22001148
422,2020,4,west bengal,15662093,291721919
423,2020,4,gujarat,13605203,230497353
424,2020,4,sikkim,148543,2478670
425,2020,4,nagaland,192188,2922121
426,2020,4,mizoram,78731,1096182
427,2020,4,chhattisgarh,4190601,109900467
428,2020,4,jammu & kashmir,1079022,16018751
429,2020,4,goa,527584,10991118
430,2020,4,arunachal pradesh,231292,4472667
431,2020,4,delhi,9747968,243433752
432,2020,4,uttarakhand,2596244,52564888
433,2021,1,puducherry,346279,7914507
434,2021,1,tamil nadu,16632608,348801714
435,2021,1,uttar pradesh,29482075,639718324
436,2021,1,madhya pradesh,14839427,482500276
437,2021,1,andhra pradesh,18363733,957709447
438,2021,1,tripura,439636,6009660
439,2021,1,lakshadweep,4577,47283
440,2021,1,manipur,312668,3709227
441,2021,1,maharashtra,37077537,1101976484
442,2021,1,dadra & nagar haveli & daman & diu,321396,7302462
443,2021,1,meghalaya,190869,2939026
444,2021,1,andaman & nicobar islands,57758,1004336
445,2021,1,haryana,9827905,266686683
446,2021,1,rajasthan,17661088,632535059
447,2021,1,ladakh,69919,1184204
448,2021,1,punjab,5568777,81052268
449,2021,1,assam,3358448,56752364
450,2021,1,jharkhand,5313049,141731331
451,2021,1,odisha,9233009,301315474
452,2021,1,bihar,13946288,355792608
453,2021,1,kerala,6936943,108918733
454,2021,1,karnataka,24095832,1084917385
455,2021,1,chandigarh,419998,7919533
456,2021,1,telangana,17149069,920040042
457,2021,1,himachal pradesh,1622951,24228094
458,2021,1,west bengal,16808799,316832674
459,2021,1,gujarat,14670126,264732874
460,2021,1,sikkim,160213,2795331
461,2021,1,nagaland,207808,2980581
462,2021,1,mizoram,85750,1193214
463,2021,1,chhattisgarh,4514551,124648704
464,2021,1,jammu & kashmir,1174818,18834009
465,2021,1,goa,570035,15467672
466,2021,1,arunachal pradesh,251240,4796708
467,2021,1,delhi,10467210,281201600
468,2021,1,uttarakhand,2802122,59282260
469,2021,2,puducherry,369961,5178916
470,2021,2,tamil nadu,17804542,343968474
471,2021,2,uttar pradesh,31651894,673598864
472,2021,2,madhya pradesh,15940935,727741649
473,2021,2,andhra pradesh,19620905,1044705436
474,2021,2,tripura,472153,9500881
475,2021,2,lakshadweep,4896,40301
476,2021,2,manipur,335409,7269002
477,2021,2,maharashtra,39664697,1208083592
478,2021,2,dadra & nagar haveli & daman & diu,344994,5062983
479,2021,2,meghalaya,205686,7290804
480,2021,2,andaman & nicobar islands,62095,2248223
481,2021,2,haryana,10530594,234052506
482,2021,2,rajasthan,18980985,1072091232
483,2021,2,ladakh,75048,4391632
484,2021,2,punjab,5976548,85894089
485,2021,2,assam,3617056,102003890
486,2021,2,jharkhand,5701503,184234107
487,2021,2,odisha,9891029,367576494
488,2021,2,bihar,14972134,371198660
489,2021,2,kerala,7416083,87814415
490,2021,2,karnataka,25751023,1051089714
491,2021,2,chandigarh,448572,4733924
492,2021,2,telangana,18306880,905317692
493,2021,2,himachal pradesh,1743151,43269977
494,2021,2,west bengal,17979979,275341466
495,2021,2,gujarat,15735981,282432543
496,2021,2,sikkim,171740,4541121
497,2021,2,nagaland,223337,6716892
498,2021,2,mizoram,92552,4014597
499,2021,2,chhattisgarh,4837055,205784717
500,2021,2,jammu & kashmir,1261267,34274559
501,2021,2,goa,609106,12710361
502,2021,2,arunachal pradesh,270572,13025849
503,2021,2,delhi,11182699,164997774
504,2021,2,uttarakhand,3004040,78380036
505,2021,3,puducherry,396609,6899592
506,2021,3,tamil nadu,19127440,459826734
507,2021,3,uttar pradesh,34151882,803890116
508,2021,3,madhya pradesh,17210233,929572924
509,2021,3,andhra pradesh,21059898,1258536879
510,2021,3,tripura,509929,12279146
511,2021,3,lakshadweep,5287,49127
512,2021,3,manipur,361749,9743772
513,2021,3,maharashtra,42581217,1565370852
514,2021,3,dadra & nagar haveli & daman & diu,371874,7162734
515,2021,3,meghalaya,223065,9952956
516,2021,3,andaman & nicobar islands,66982,3121625
517,2021,3,haryana,11325336,296884105
518,2021,3,rajasthan,20499465,1429553825
519,2021,3,ladakh,81210,7099550
520,2021,3,punjab,6434862,107614155
521,2021,3,assam,3918480,135288631
522,2021,3,jharkhand,6151843,230475998
523,2021,3,odisha,10652490,492879704
524,2021,3,bihar,16160771,421801379
525,2021,3,kerala,7949425,116282717
526,2021,3,karnataka,27614221,1366781087
527,2021,3,chandigarh,480463,6378807
528,2021,3,telangana,19615278,1107529197
529,2021,3,himachal pradesh,1880626,52970288
530,2021,3,west bengal,19323278,348588666
531,2021,3,gujarat,16946761,379987151
532,2021,3,sikkim,184693,5714565
533,2021,3,nagaland,241797,8661991
534,2021,3,mizoram,100647,5385718
535,2021,3,chhattisgarh,5206084,276486076
536,2021,3,jammu & kashmir,1359860,45025197
537,2021,3,goa,653458,16575111
538,2021,3,arunachal pradesh,293073,17209654
539,2021,3,delhi,11980061,223844376
540,2021,3,uttarakhand,3233509,90886530
541,2021,4,puducherry,423167,14257568
542,2021,4,tamil nadu,20433142,685861440
543,2021,4,uttar pradesh,36617655,1175923794
544,2021,4,madhya pradesh,18456243,956630781
545,2021,4,andhra pradesh,22489029,1447717601
546,2021,4,tripura,546292,10728702
547,2021,4,lakshadweep,5638,67320
548,2021,4,manipur,387746,7603294
549,2021,4,maharashtra,45482506,2031739248
550,2021,4,dadra & nagar haveli & daman & diu,398963,15009455
551,2021,4,meghalaya,240268,6048594
552,2021,4,andaman & nicobar islands,71780,2112910
553,2021,4,haryana,12116439,442176987
554,2021,4,rajasthan,21977202,1185124031
555,2021,4,ladakh,87057,2665203
556,2021,4,punjab,6880103,138427499
557,2021,4,assam,4209591,130600435
558,2021,4,jharkhand,6596196,284960009
559,2021,4,odisha,11399235,567351446
560,2021,4,bihar,17335981,647400838
561,2021,4,kerala,8473810,213542857
562,2021,4,karnataka,29459646,1941558513
563,2021,4,chandigarh,512092,11603954
564,2021,4,telangana,20917649,1407599392
565,2021,4,himachal pradesh,2013747,47670982
566,2021,4,west bengal,20644527,512335839
567,2021,4,gujarat,18139201,487846209
568,2021,4,sikkim,197407,5525552
569,2021,4,nagaland,259990,6383337
570,2021,4,mizoram,108405,2094118
571,2021,4,chhattisgarh,5565481,251752583
572,2021,4,jammu & kashmir,1456810,36012148
573,2021,4,goa,697178,28288254
574,2021,4,arunachal pradesh,314944,11230295
575,2021,4,delhi,12785127,345669353
576,2021,4,uttarakhand,3460015,110928354
577,2022,1,puducherry,448051,3938657
578,2022,1,tamil nadu,21667020,638490275
579,2022,1,uttar pradesh,38999692,836926025
580,2022,1,madhya pradesh,19656147,1678266475
581,2022,1,andhra pradesh,23857951,1254785973
582,2022,1,tripura,582124,19322963
583,2022,1,lakshadweep,5990,45410
584,2022,1,manipur,411900,22637747
585,2022,1,maharashtra,48227630,2157769514
586,2022,1,dadra & nagar haveli & daman & diu,424570,3910792
587,2022,1,meghalaya,255839,23634106
588,2022,1,andaman & nicobar islands,76288,3847407
589,2022,1,haryana,12866988,217228467
590,2022,1,rajasthan,23398857,2570606469
591,2022,1,ladakh,92492,8902080
592,2022,1,punjab,7302726,117482807
593,2022,1,assam,4492589,281642453
594,2022,1,jharkhand,7025275,331355981
595,2022,1,odisha,12124779,613855465
596,2022,1,bihar,18484658,316991599
597,2022,1,kerala,8972299,94047893
598,2022,1,karnataka,31200349,1727054045
599,2022,1,chandigarh,541549,2321685
600,2022,1,telangana,22150612,1168864524
601,2022,1,himachal pradesh,2143483,77278278
602,2022,1,west bengal,21919787,236131065
603,2022,1,gujarat,19265314,521776939
604,2022,1,sikkim,209616,12440193
605,2022,1,nagaland,276483,24206053
606,2022,1,mizoram,115295,14886657
607,2022,1,chhattisgarh,5916961,448503438
608,2022,1,jammu & kashmir,1549320,62115857
609,2022,1,goa,738628,18678798
610,2022,1,arunachal pradesh,335339,41418559
611,2022,1,delhi,13539197,57524153
612,2022,1,uttarakhand,3674829,115224382
613,2022,2,puducherry,471663,3830290
614,2022,2,tamil nadu,22829720,740265406
615,2022,2,uttar pradesh,41247289,947480495
616,2022,2,madhya pradesh,20766417,1902866132
617,2022,2,andhra pradesh,25157264,1378736856
618,2022,2,tripura,615782,21343111
619,2022,2,lakshadweep,6327,38450
620,2022,2,manipur,434563,26236900
621,2022,2,maharashtra,50802786,2492946019
622,2022,2,dadra & nagar haveli & daman & diu,449016,3886292
623,2022,2,meghalaya,269943,27458992
624,2022,2,andaman & nicobar islands,80530,5180013
625,2022,2,haryana,13576065,236091309
626,2022,2,rajasthan,24716181,2771434947
627,2022,2,ladakh,97517,14768129
628,2022,2,punjab,7702100,138965337
629,2022,2,assam,4755787,339929089
630,2022,2,jharkhand,7426174,379053485
631,2022,2,odisha,12801990,670311093
632,2022,2,bihar,19569894,348588438
633,2022,2,kerala,9442533,98876392
634,2022,2,karnataka,32831447,2065359837
635,2022,2,chandigarh,569582,2285979
636,2022,2,telangana,23314363,1276259370
637,2022,2,himachal pradesh,2264407,102488683
638,2022,2,west bengal,23124388,250276369
639,2022,2,gujarat,20321596,609943436
640,2022,2,sikkim,220994,16993937
641,2022,2,nagaland,292104,28652431
642,2022,2,mizoram,121535,16646550
643,2022,2,chhattisgarh,6238349,501411120
644,2022,2,jammu & kashmir,1635570,89986310
645,2022,2,goa,777779,19062157
646,2022,2,arunachal pradesh,354528,49889518
647,2022,2,delhi,14260143,52553080
648,2022,2,uttarakhand,3877056,156465685
649,2022,3,puducherry,496570,4186911
650,2022,3,tamil nadu,24019964,866738343
651,2022,3,uttar pradesh,43537920,1035702397
652,2022,3,madhya pradesh,21884220,2026371749
653,2022,3,andhra pradesh,26496330,1357005703
654,2022,3,tripura,649143,24123569
655,2022,3,lakshadweep,6645,18111
656,2022,3,manipur,457063,26011343
657,2022,3,maharashtra,53432602,2638663712
658,2022,3,dadra & nagar haveli & daman & diu,474807,3837881
659,2022,3,meghalaya,283487,32596135
660,2022,3,andaman & nicobar islands,84642,6068354
661,2022,3,haryana,14303933,265475161
662,2022,3,rajasthan,26042948,3299787866
663,2022,3,ladakh,102299,19734781
664,2022,3,punjab,8097582,154625731
665,2022,3,assam,5016910,410760707
666,2022,3,jharkhand,7836429,414228860
667,2022,3,odisha,13493282,725475924
668,2022,3,bihar,20694376,336807385
669,2022,3,kerala,9933977,104565833
670,2022,3,karnataka,34493994,2148016434
671,2022,3,chandigarh,598698,2173356
672,2022,3,telangana,24506111,1255597644
673,2022,3,himachal pradesh,2381576,108832538
674,2022,3,west bengal,24372048,256445748
675,2022,3,gujarat,21394721,699121904
676,2022,3,sikkim,232025,18748536
677,2022,3,nagaland,307386,31229366
678,2022,3,mizoram,127735,15557163
679,2022,3,chhattisgarh,6562237,543206487
680,2022,3,jammu & kashmir,1719185,109346235
681,2022,3,goa,817830,19712764
682,2022,3,arunachal pradesh,373372,59722628
683,2022,3,delhi,15009523,49919498
684,2022,3,uttarakhand,4081976,152803850
685,2022,4,puducherry,520649,24144184
686,2022,4,tamil nadu,25136112,1229187623
687,2022,4,uttar pradesh,45648650,1682003791
688,2022,4,madhya pradesh,22913924,1388282818
689,2022,4,andhra pradesh,27778016,1673374802
690,2022,4,tripura,678741,16107610
691,2022,4,lakshadweep,6961,72377
692,2022,4,manipur,477292,12462732
693,2022,4,maharashtra,55954028,2982202696
694,2022,4,dadra & nagar haveli & daman & diu,500125,24066770
695,2022,4,meghalaya,295322,10105924
696,2022,4,andaman & nicobar islands,88442,4354093
697,2022,4,haryana,14994944,556898878
698,2022,4,rajasthan,27255927,1537424924
699,2022,4,ladakh,106337,3832339
700,2022,4,punjab,8462753,199899443
701,2022,4,assam,5247776,248781157
702,2022,4,jharkhand,8217638,396098729
703,2022,4,odisha,14127239,726099254
704,2022,4,bihar,21738117,834827202
705,2022,4,kerala,10382102,346981849
706,2022,4,karnataka,36081698,3011645011
707,2022,4,chandigarh,627563,15308862
708,2022,4,telangana,25656381,1731228513
709,2022,4,himachal pradesh,2483076,72355717
710,2022,4,west bengal,25536381,678066327
711,2022,4,gujarat,22412353,790984595
712,2022,4,sikkim,241968,8948864
713,2022,4,nagaland,321205,11171582
714,2022,4,mizoram,132870,3144551
715,2022,4,chhattisgarh,6846822,354976814
716,2022,4,jammu & kashmir,1793434,60205865
717,2022,4,goa,855202,43005212
718,2022,4,arunachal pradesh,390307,21775038
719,2022,4,delhi,15764149,401864749
720,2022,4,uttarakhand,4272049,160685547
721,2023,1,puducherry,543819,3498429
722,2023,1,tamil nadu,26270663,989061650
723,2023,1,uttar pradesh,47806049,1401343916
724,2023,1,madhya pradesh,24002818,2588256407
725,2023,1,andhra pradesh,29065863,1442038420
726,2023,1,tripura,710884,29736641
727,2023,1,lakshadweep,7267,43821
728,2023,1,manipur,498337,29419074
729,2023,1,maharashtra,58470784,3144152925
730,2023,1,dadra & nagar haveli & daman & diu,524617,4471284
731,2023,1,meghalaya,308324,44686919
732,2023,1,andaman & nicobar islands,92484,11012664
733,2023,1,haryana,15688161,264946266
734,2023,1,rajasthan,28523031,3711332541
735,2023,1,ladakh,110991,14522495
736,2023,1,punjab,8837408,177418342
737,2023,1,assam,5499650,590176321
738,2023,1,jharkhand,8609107,585808867
739,2023,1,odisha,14787083,929487633
740,2023,1,bihar,22796011,455886560
741,2023,1,kerala,10822723,116395880
742,2023,1,karnataka,37681426,2498025288
743,2023,1,chandigarh,654522,2001065
744,2023,1,telangana,26804259,1305656447
745,2023,1,himachal pradesh,2594668,111702044
746,2023,1,west bengal,26732895,321102681
747,2023,1,gujarat,23436230,918468944
748,2023,1,sikkim,252440,18927227
749,2023,1,nagaland,335936,35227154
750,2023,1,mizoram,138751,24403694
751,2023,1,chhattisgarh,7159660,678798431
752,2023,1,jammu & kashmir,1873039,134828711
753,2023,1,goa,892185,22829931
754,2023,1,arunachal pradesh,408273,88997458
755,2023,1,delhi,16480011,51049789
756,2023,1,uttarakhand,4464369,181738693
757,2023,2,puducherry,564431,3817041
758,2023,2,tamil nadu,27317599,991611987
759,2023,2,uttar pradesh,49829833,1731600947
760,2023,2,madhya pradesh,25042930,2945628722
761,2023,2,andhra pradesh,30240061,1427952434
762,2023,2,tripura,743024,30819207
763,2023,2,lakshadweep,7585,90501
764,2023,2,manipur,519799,14076037
765,2023,2,maharashtra,60766850,3363859330
766,2023,2,dadra & nagar haveli & daman & diu,546364,4086025
767,2023,2,meghalaya,322382,47337234
768,2023,2,andaman & nicobar islands,96329,14738676
769,2023,2,haryana,16314236,298037706
770,2023,2,rajasthan,29745609,4033000288
771,2023,2,ladakh,115736,26285520
772,2023,2,punjab,9197055,218492661
773,2023,2,assam,5749682,657069673
774,2023,2,jharkhand,8980709,657119942
775,2023,2,odisha,15420061,918449931
776,2023,2,bihar,23781971,556071386
777,2023,2,kerala,11237341,121310794
778,2023,2,karnataka,39122314,2521576765
779,2023,2,chandigarh,678662,1978988
780,2023,2,telangana,27814633,1339967792
781,2023,2,himachal pradesh,2706470,136774775
782,2023,2,west bengal,27827662,350862668
783,2023,2,gujarat,24396768,1057626015
784,2023,2,sikkim,262728,28470875
785,2023,2,nagaland,351024,33612080
786,2023,2,mizoram,145061,21868647
787,2023,2,chhattisgarh,7469508,749111705
788,2023,2,jammu & kashmir,1953132,209249141
789,2023,2,goa,926020,20219644
790,2023,2,arunachal pradesh,426410,106089520
791,2023,2,delhi,17103089,51415039
792,2023,2,uttarakhand,4645322,240804293
793,2023,3,puducherry,586550,4653693
794,2023,3,tamil nadu,28405436,1117719858
795,2023,3,uttar pradesh,51870932,2143192720
796,2023,3,madhya pradesh,26109033,3495164168
797,2023,3,andhra pradesh,31493897,1157440497
798,2023,3,tripura,774678,49942954
799,2023,3,lakshadweep,7912,294406
800,2023,3,manipur,541572,20694295
801,2023,3,maharashtra,63150997,3152984827
802,2023,3,dadra & nagar haveli & daman & diu,569035,4449513
803,2023,3,meghalaya,336282,75055865
804,2023,3,andaman & nicobar islands,100255,20545079
805,2023,3,haryana,16956489,327497074
806,2023,3,rajasthan,30997182,4359306863
807,2023,3,ladakh,120435,42636030
808,2023,3,punjab,9555997,337107656
809,2023,3,assam,5998586,962849913
810,2023,3,jharkhand,9360730,806517236
811,2023,3,odisha,16064459,1002230051
812,2023,3,bihar,24776510,623923391
813,2023,3,kerala,11669143,145044427
814,2023,3,karnataka,40634390,2284389284
815,2023,3,chandigarh,704144,1924922
816,2023,3,telangana,28896668,993742805
817,2023,3,himachal pradesh,2816046,189307777
818,2023,3,west bengal,28966414,473450373
819,2023,3,gujarat,25383429,1679035143
820,2023,3,sikkim,272829,34906306
821,2023,3,nagaland,366203,51985056
822,2023,3,mizoram,151378,29019443
823,2023,3,chhattisgarh,7779977,951586898
824,2023,3,jammu & kashmir,2031447,283204829
825,2023,3,goa,961831,24017714
826,2023,3,arunachal pradesh,444789,112236680
827,2023,3,delhi,17747167,49593289
828,2023,3,uttarakhand,4829992,217340168
829,2023,4,puducherry,607838,32182677
830,2023,4,tamil nadu,29452801,1831285792
831,2023,4,uttar pradesh,53799813,3620813944
832,2023,4,madhya pradesh,27078072,1780548760
833,2023,4,andhra pradesh,32658698,1310002959
834,2023,4,tripura,806344,43591962
835,2023,4,lakshadweep,8225,924554
836,2023,4,manipur,564130,25551545
837,2023,4,maharashtra,65422120,3694003155
838,2023,4,dadra & nagar haveli & daman & diu,590760,36579378
839,2023,4,meghalaya,349330,30357626
840,2023,4,andaman & nicobar islands,103978,9845960
841,2023,4,haryana,17556642,904482321
842,2023,4,rajasthan,32157348,1905645600
843,2023,4,ladakh,124828,7108123
844,2023,4,punjab,9898002,605806581
845,2023,4,assam,6234780,558041955
846,2023,4,jharkhand,9707336,658553048
847,2023,4,odisha,16680992,701305081
848,2023,4,bihar,25695856,1822737403
849,2023,4,kerala,12084974,747303653
850,2023,4,karnataka,42031396,2565539566
851,2023,4,chandigarh,727594,35719991
852,2023,4,telangana,29902636,1520428750
853,2023,4,himachal pradesh,2924952,163694473
854,2023,4,west bengal,30064546,1467442959
855,2023,4,gujarat,26312655,1950081065
856,2023,4,sikkim,282575,15838198
857,2023,4,nagaland,381162,20169002
858,2023,4,mizoram,157627,9424810
859,2023,4,chhattisgarh,8057016,545124233
860,2023,4,jammu & kashmir,2108166,186302862
861,2023,4,goa,995923,64868903
862,2023,4,arunachal pradesh,462088,38873546
863,2023,4,delhi,18363626,738806624
864,2023,4,uttarakhand,5001826,287470297
865,2024,1,puducherry,631663,3299001
866,2024,1,tamil nadu,30638750,1089065562
867,2024,1,uttar pradesh,56028765,3113045884
868,2024,1,madhya pradesh,28238554,4395383187
869,2024,1,andhra pradesh,34008709,1080185103
870,2024,1,tripura,842135,81407836
871,2024,1,lakshadweep,8578,645375
872,2024,1,manipur,589568,59758762
873,2024,1,maharashtra,68016876,3226964743
874,2024,1,dadra & nagar haveli & daman & diu,615863,5967100
875,2024,1,meghalaya,365452,207128767
876,2024,1,andaman & nicobar islands,108411,28538751
877,2024,1,haryana,18248263,356852975
878,2024,1,rajasthan,33505514,4728118557
879,2024,1,ladakh,130070,16503075
880,2024,1,punjab,10286964,448478973
881,2024,1,assam,6510156,1381009332
882,2024,1,jharkhand,10118149,1389086946
883,2024,1,odisha,17393166,1247351109
884,2024,1,bihar,26765201,945228349
885,2024,1,kerala,12553296,173276966
886,2024,1,karnataka,43668141,2186015502
887,2024,1,chandigarh,754849,2680802
888,2024,1,telangana,31082447,933319286
889,2024,1,himachal pradesh,3050141,231634797
890,2024,1,west bengal,31306843,633526507
891,2024,1,gujarat,27381972,2391800188
892,2024,1,sikkim,293821,19584360
893,2024,1,nagaland,398630,46485081
894,2024,1,mizoram,165126,50294364
895,2024,1,chhattisgarh,8394140,1290951432
896,2024,1,jammu & kashmir,2195803,342579321
897,2024,1,goa,1035050,31168316
898,2024,1,arunachal pradesh,482393,143597043
899,2024,1,delhi,19067147,80302941
900,2024,1,uttarakhand,5202251,264812749
901,2024,2,puducherry,655486,2882669
902,2024,2,tamil nadu,31818880,1071832085
903,2024,2,uttar pradesh,58199149,3406733148
904,2024,2,madhya pradesh,29324466,4877924433
905,2024,2,andhra pradesh,35303719,1061281082
906,2024,2,tripura,876724,97341017
907,2024,2,lakshadweep,8895,683424
908,2024,2,manipur,614446,59706780
909,2024,2,maharashtra,70597223,3406640277
910,2024,2,dadra & nagar haveli & daman & diu,640724,7489619
911,2024,2,meghalaya,379342,204649032
912,2024,2,andaman & nicobar islands,112687,16876883
913,2024,2,haryana,18932084,495253484
914,2024,2,rajasthan,34773619,4962266918
915,2024,2,ladakh,134702,41355640
916,2024,2,punjab,10677703,502438995
917,2024,2,assam,6767874,1728273868
918,2024,2,jharkhand,10501982,1583300137
919,2024,2,odisha,18078622,1439371537
920,2024,2,bihar,27786576,1034146507
921,2024,2,kerala,13008410,164717612
922,2024,2,karnataka,45290606,2195010418
923,2024,2,chandigarh,782791,3351127
924,2024,2,telangana,32232171,1007869816
925,2024,2,himachal pradesh,3172766,291406931
926,2024,2,west bengal,32540397,704276274
927,2024,2,gujarat,28439885,2418997443
928,2024,2,sikkim,304650,45285995
929,2024,2,nagaland,414876,60494356
930,2024,2,mizoram,171540,44171046
931,2024,2,chhattisgarh,8704757,1483224382
932,2024,2,jammu & kashmir,2279903,425109975
933,2024,2,goa,1073516,21359943
934,2024,2,arunachal pradesh,500669,132013837
935,2024,2,delhi,19789096,99756459
936,2024,2,uttarakhand,5395292,309932840
937,2024,3,puducherry,629332,2673547
938,2024,3,tamil nadu,32965209,1237507205
939,2024,3,uttar pradesh,67922000,2512362184
940,2024,3,madhya pradesh,31764084,5313772854
941,2024,3,andhra pradesh,29145303,1660426436
942,2024,3,tripura,916336,134585619
943,2024,3,lakshadweep,11395,28226
944,2024,3,manipur,596237,125520994
945,2024,3,maharashtra,69641161,4571320472
946,2024,3,dadra & nagar haveli & daman & diu,627815,5429299
947,2024,3,meghalaya,548502,292472944
948,2024,3,andaman & nicobar islands,172473,19554846
949,2024,3,haryana,18527288,701589813
950,2024,3,rajasthan,35583171,5335171033
951,2024,3,ladakh,194146,68575933
952,2024,3,punjab,10978782,719085996
953,2024,3,assam,10098778,855216106
954,2024,3,jharkhand,11771265,1330121440
955,2024,3,odisha,17966648,1596145813
956,2024,3,bihar,31899315,692875087
957,2024,3,kerala,13271613,127705188
958,2024,3,karnataka,44548391,2731726058
959,2024,3,chandigarh,700398,3757821
960,2024,3,telangana,30776242,1397303246
961,2024,3,himachal pradesh,2953068,277032020
962,2024,3,west bengal,33612828,709864323
963,2024,3,gujarat,29082108,2873083540
964,2024,3,sikkim,312311,18246210
965,2024,3,nagaland,446969,73710120
966,2024,3,mizoram,224952,109786827
967,2024,3,chhattisgarh,10290502,1469220234
968,2024,3,jammu & kashmir,4161840,376570012
969,2024,3,goa,1114034,49958844
970,2024,3,arunachal pradesh,687168,210856966
971,2024,3,delhi,18444617,111680825
972,2024,3,uttarakhand,5423770,414813742
973,2024,4,puducherry,646158,30724911
974,2024,4,tamil nadu,33966610,2229881172
975,2024,4,uttar pradesh,70474113,5080900941
976,2024,4,madhya pradesh,32876660,2492103990
977,2024,4,andhra pradesh,29984431,1866359979
978,2024,4,tripura,948916,56659293
979,2024,4,lakshadweep,11769,1797824
980,2024,4,manipur,616995,32146128
981,2024,4,maharashtra,71807805,5042420660
982,2024,4,dadra & nagar haveli & daman & diu,644550,41947714
983,2024,4,meghalaya,571272,44407767
984,2024,4,andaman & nicobar islands,178788,18691683
985,2024,4,haryana,19051114,1381829141
986,2024,4,rajasthan,36828375,2764744237
987,2024,4,ladakh,193724,9881580
988,2024,4,punjab,11308453,774697562
989,2024,4,assam,10480927,775169459
990,2024,4,jharkhand,12212421,1018664763
991,2024,4,odisha,18611196,1034390206
992,2024,4,bihar,33345285,2527843258
993,2024,4,kerala,13689387,873737766
994,2024,4,karnataka,45917653,3091599006
995,2024,4,chandigarh,721216,37265017
996,2024,4,telangana,31726856,2014592558
997,2024,4,himachal pradesh,3040819,168576863
998,2024,4,west bengal,34750181,1994940763
999,2024,4,gujarat,29861641,2406424143
1000,2024,4,sikkim,320748,18490840
1001,2024,4,nagaland,463523,25389015
1002,2024,4,mizoram,234527,12467831
1003,2024,4,chhattisgarh,10651135,869239311
1004,2024,4,jammu & kashmir,4288583,246569412
1005,2024,4,goa,1143332,78430745
1006,2024,4,arunachal pradesh,710879,46627582
1007,2024,4,delhi,18900488,952556492
1008,2024,4,uttarakhand,5575922,354208067
