id,year,quarter,state,entity_name,entity_type,count,amount
1,2018,1,,bengaluru urban,,8306513,14162750303.06484
2,2018,1,,pune,,3842929,5378982326.835919
3,2018,1,,central delhi,,2997714,4312145216.274474
4,2018,1,,mumbai,,2671029,3923116793.952079
5,2018,1,,chennai,,2656230,4281137762.522443
6,2018,1,,hyderabad,,2545507,4287223789.76588
7,2018,1,,jaipur,,2417174,2953086960.1413727
8,2018,1,,birbhum,,2125816,2520486412.452376
9,2018,1,,kolkata,,2043129,2753347660.1429114
10,2018,1,,bhopal,,1704495,1905473874.8326716
11,2018,1,,560001,,2917356,4684262246.184548
12,2018,1,,110006,,2636324,3714139312.238586
13,2018,1,,400008,,2227885,3105208723.475169
14,2018,1,,600003,,2010196,2997847000.265506
15,2018,1,,731101,,1764956,2366771285.7278423
16,2018,1,,700009,,1390629,1851145374.4001179
17,2018,1,,411001,,1055656,1413523605.5956619
18,2018,1,,500012,,933013,1643061976.4262943
19,2018,1,,462001,,832846,898730606.684653
20,2018,1,,201301,,690196,987613438.9540119
21,2018,2,,bengaluru urban,,11916035,23824727965.49048
22,2018,2,,pune,,5162876,8513428062.925206
23,2018,2,,chennai,,3719593,7305357440.752291
24,2018,2,,central delhi,,3589206,6223466821.092629
25,2018,2,,mumbai,,3277612,6048515205.760132
26,2018,2,,jaipur,,3175255,4952882923.415596
27,2018,2,,hyderabad,,3156805,6628159910.681627
28,2018,2,,birbhum,,2775489,3988930679.767912
29,2018,2,,kolkata,,2501448,4109821729.8900533
30,2018,2,,north twenty four parganas,,2119664,2509379355.091834
31,2018,2,,560001,,3777086,7545089760.607167
32,2018,2,,110006,,3069733,5237594871.124264
33,2018,2,,600003,,2771900,5194488793.022476
34,2018,2,,400008,,2631405,4703762207.003538
35,2018,2,,731101,,2134258,3697928407.603048
36,2018,2,,700009,,1473202,2566583723.725673
37,2018,2,,411001,,1316115,2145613783.5507011
38,2018,2,,500012,,1024336,2257038218.1929708
39,2018,2,,201301,,971854,1673280979.3831716
40,2018,2,,462001,,928983,1443626493.1959715
41,2018,3,,bengaluru urban,,18405424,33812835282.27632
42,2018,3,,central delhi,,8165361,10515884583.426525
43,2018,3,,pune,,7890491,12601613622.467594
44,2018,3,,birbhum,,6066238,6130627463.516832
45,2018,3,,chennai,,5887343,10122319547.137985
46,2018,3,,hyderabad,,5786941,9503554478.108147
47,2018,3,,khordha,,5333443,4389717266.977921
48,2018,3,,bankura,,5179457,2464193070.534754
49,2018,3,,jaipur,,4954443,7882149494.55468
50,2018,3,,north twenty four parganas,,4856114,4545902671.152222
51,2018,3,,110006,,7198882,9029499185.157822
52,2018,3,,560001,,5764203,10161197002.295376
53,2018,3,,600003,,4430587,7070098756.153783
54,2018,3,,400008,,3111609,5436005565.19679
55,2018,3,,731101,,2644866,4429377129.783087
56,2018,3,,700009,,2531420,3555553312.5767612
57,2018,3,,500012,,1726388,3077635699.337487
58,2018,3,,411001,,1689517,2829639683.4067717
59,2018,3,,221001,,1439623,671779876.5266988
60,2018,3,,201301,,1438458,2181626866.4046803
61,2018,4,,bengaluru urban,,33061353,50279165003.07312
62,2018,4,,pune,,11075153,18048884123.019886
63,2018,4,,central delhi,,9373395,13878492766.290386
64,2018,4,,hyderabad,,9360515,14727846731.548256
65,2018,4,,chennai,,8007699,14632395110.56675
66,2018,4,,jaipur,,7271209,12107341570.492035
67,2018,4,,gautam buddha nagar,,6083056,7483532543.63562
68,2018,4,,mumbai,,6060284,11506143747.453331
69,2018,4,,rangareddy,,5803319,9396311751.227482
70,2018,4,,kolkata,,5401244,8502095208.881001
71,2018,4,,560001,,7725284,14030425393.295612
72,2018,4,,110006,,7532374,11605568511.039162
73,2018,4,,600003,,5539392,10066365923.24963
74,2018,4,,400008,,4586309,8474903607.1238575
75,2018,4,,731101,,3284268,5847016363.011223
76,2018,4,,700009,,2939284,4991163446.523161
77,2018,4,,500012,,2576408,4841883809.168822
78,2018,4,,201301,,2504916,3217987818.841588
79,2018,4,,411001,,2176631,3917444399.4306126
80,2018,4,,560068,,1630650,1941175277.185885
81,2019,1,,bengaluru urban,,65174133,82111161572.76288
82,2019,1,,hyderabad,,24838664,34892156029.40753
83,2019,1,,pune,,23360634,32233517413.825317
84,2019,1,,jaipur,,19178441,25043540802.372772
85,2019,1,,rangareddy,,12952050,17677048557.63253
86,2019,1,,central delhi,,12885975,16258175800.83931
87,2019,1,,chennai,,11642449,18810971714.51368
88,2019,1,,gautam buddha nagar,,10750094,10286434896.5461
89,2019,1,,medchal malkajgiri,,10127087,13392043971.075241
90,2019,1,,new delhi,,10000765,13939472234.96883
91,2019,1,,560001,,16241340,23597361226.512825
92,2019,1,,110006,,10251048,13201959766.05106
93,2019,1,,500012,,9957548,15399177052.931395
94,2019,1,,600003,,8217185,12799152324.27052
95,2019,1,,110011,,6689740,9632804730.117004
96,2019,1,,400008,,6494529,10238553958.763014
97,2019,1,,700009,,6353573,7885002278.529919
98,2019,1,,411006,,5641935,9202990658.018358
99,2019,1,,302001,,4954219,7600396570.221162
100,2019,1,,201301,,4596696,4223121104.413077
101,2019,2,,bengaluru urban,,89148659,113389910485.89922
102,2019,2,,pune,,44795652,58398808592.1738
103,2019,2,,hyderabad,,43511186,73949377453.0185
104,2019,2,,jaipur,,27449382,46056907216.76753
105,2019,2,,new delhi,,23313548,36146671717.918365
106,2019,2,,rangareddy,,16348519,25359412038.382965
107,2019,2,,patna,,13421445,26125484618.416542
108,2019,2,,khordha,,13339889,19006076643.493904
109,2019,2,,kolkata,,13259522,17260848900.77318
110,2019,2,,lucknow,,12624404,22426462674.94428
111,2019,2,,560001,,27169035,40026681539.0066
112,2019,2,,500012,,23303184,42709920754.79193
113,2019,2,,411006,,22544991,34073354893.758354
114,2019,2,,110011,,20001452,31366326747.68567
115,2019,2,,302001,,14130072,26047079270.71371
116,2019,2,,700009,,9694969,12068405239.946836
117,2019,2,,800015,,9362673,19331794343.882797
118,2019,2,,226004,,8966947,16438621373.818607
119,2019,2,,751002,,8318660,12733845249.989027
120,2019,2,,600003,,6992850,13700604318.48539
121,2019,3,,bengaluru urban,,131234422,150244275641.79712
122,2019,3,,pune,,67093416,78128868958.39702
123,2019,3,,hyderabad,,55159072,96365182751.25804
124,2019,3,,jaipur,,36334520,58402103360.67965
125,2019,3,,new delhi,,24687138,43288057341.92169
126,2019,3,,rangareddy,,23655175,33663962263.155968
127,2019,3,,khordha,,18364742,25509656902.49331
128,2019,3,,medchal malkajgiri,,17492750,23256556346.306458
129,2019,3,,visakhapatnam,,16694947,26944837120.046288
130,2019,3,,kolkata,,16306691,21451201632.248753
131,2019,3,,560001,,34182229,49823702321.09828
132,2019,3,,500012,,27360144,55516914964.120514
133,2019,3,,411006,,25995035,42031275308.282005
134,2019,3,,110011,,20159577,36968948004.60185
135,2019,3,,302001,,15037317,31903765546.790287
136,2019,3,,700009,,11494363,14573984421.133255
137,2019,3,,751002,,9990982,16300297217.157505
138,2019,3,,800015,,8554034,21451659382.23745
139,2019,3,,400008,,7234595,14467758895.186302
140,2019,3,,226004,,6687157,17110382946.6282
141,2019,4,,bengaluru urban,,180458808,199966708446.8142
142,2019,4,,pune,,91666565,103270644868.1607
143,2019,4,,hyderabad,,72987282,130230415629.3025
144,2019,4,,jaipur,,44335592,81782144762.48987
145,2019,4,,rangareddy,,31237803,44757331443.568375
146,2019,4,,new delhi,,29048107,54398427887.76768
147,2019,4,,khordha,,27477393,34227232121.528633
148,2019,4,,visakhapatnam,,23594874,39133296330.044624
149,2019,4,,medchal malkajgiri,,22999944,31417907129.793076
150,2019,4,,kolkata,,21917627,26475748918.32508
151,2019,4,,560001,,48600127,67204107791.7798
152,2019,4,,411006,,32779718,51360244641.273315
153,2019,4,,500012,,32637373,67244225971.71475
154,2019,4,,110011,,22861243,44827058149.79611
155,2019,4,,302001,,17153003,41220743922.1253
156,2019,4,,700009,,16310685,18429094743.25623
157,2019,4,,751002,,13743261,19669451911.7042
158,2019,4,,400008,,10498727,22289347327.905037
159,2019,4,,800015,,10441675,26228173437.46787
160,2019,4,,600003,,10008230,21375916666.727257
161,2020,1,,bengaluru urban,,200174352,231970686013.7528
162,2020,1,,pune,,107497963,119146177775.3236
163,2020,1,,hyderabad,,94177232,183207208610.81787
164,2020,1,,jaipur,,52623661,98360847993.80875
165,2020,1,,rangareddy,,31802492,45881228273.95146
166,2020,1,,visakhapatnam,,27115031,48809747614.678894
167,2020,1,,medchal malkajgiri,,25458101,37404467180.931694
168,2020,1,,central delhi,,24757650,41219414205.0607
169,2020,1,,mumbai suburban,,23598054,40462122569.6479
170,2020,1,,khordha,,23152370,39755139238.6053
171,2020,1,,500001,,63671159,139394865595.49792
172,2020,1,,560001,,57330889,81134886975.52737
173,2020,1,,411004,,43278566,64894935103.99599
174,2020,1,,302016,,24180734,56174137377.66255
175,2020,1,,110006,,19881142,34803706848.31907
176,2020,1,,600003,,14352747,29310364582.884754
177,2020,1,,110001,,13167147,27716426760.692245
178,2020,1,,700009,,13084249,24503076745.659294
179,2020,1,,751001,,11782987,25543182753.84958
180,2020,1,,400070,,10817537,21066837485.651253
181,2020,2,,bengaluru urban,,132120979,176357097466.7659
182,2020,2,,pune,,58840981,94890914730.75931
183,2020,2,,hyderabad,,56374644,130820061488.30273
184,2020,2,,jaipur,,43871862,88270816977.90562
185,2020,2,,visakhapatnam,,25300401,48293889917.41437
186,2020,2,,rangareddy,,18068048,31273545586.261536
187,2020,2,,medchal malkajgiri,,17860704,29732057894.607735
188,2020,2,,central delhi,,17641823,30418597739.3527
189,2020,2,,khordha,,16842715,34814877058.416145
190,2020,2,,ahmadabad,,16430916,32731896547.150326
191,2020,2,,500001,,39752686,101961882246.87434
192,2020,2,,560001,,38973791,66590268182.415665
193,2020,2,,411004,,27617700,58352702890.56202
194,2020,2,,302016,,22032140,53610675078.51194
195,2020,2,,110006,,14401400,26006450222.981194
196,2020,2,,110001,,9780539,21370003546.27849
197,2020,2,,800001,,9603835,29875811977.924408
198,2020,2,,751001,,9411361,23813152297.287315
199,2020,2,,600003,,8641869,22394007817.575096
200,2020,2,,380001,,8490730,21210698645.19712
201,2020,3,,bengaluru urban,,188947684,261095181780.0901
202,2020,3,,pune,,101472134,154366363808.0403
203,2020,3,,hyderabad,,99285803,228448742377.47607
204,2020,3,,jaipur,,71797182,138189424031.4575
205,2020,3,,visakhapatnam,,34421299,67628440368.111465
206,2020,3,,central delhi,,32203761,61527717933.93762
207,2020,3,,rangareddy,,29573243,51787722036.044556
208,2020,3,,bhopal,,29560361,57525605025.512215
209,2020,3,,medchal malkajgiri,,28698311,48831695001.78223
210,2020,3,,khordha,,23387123,44638448273.52248
211,2020,3,,500001,,70732132,177532009421.7673
212,2020,3,,560001,,56516908,95602796543.47356
213,2020,3,,411004,,49082232,94100767700.43585
214,2020,3,,302016,,34723808,78104750484.0607
215,2020,3,,110006,,27731187,53768475790.81149
216,2020,3,,462008,,18608188,42836925858.3958
217,2020,3,,800001,,14656027,41210183921.21666
218,2020,3,,700009,,14161961,35897930520.847115
219,2020,3,,751001,,11770940,27337331950.38349
220,2020,3,,110001,,11598940,25361403335.98009
221,2020,4,,bengaluru urban,,267720411,352536741958.4486
222,2020,4,,pune,,142350762,182511549425.14316
223,2020,4,,hyderabad,,117008707,243045184188.2821
224,2020,4,,jaipur,,82378485,159641718978.41748
225,2020,4,,rangareddy,,53405219,89256130453.08658
226,2020,4,,medchal malkajgiri,,49900746,81801106073.41168
227,2020,4,,visakhapatnam,,46551467,91879823025.40399
228,2020,4,,bhopal,,38492334,67905952477.88091
229,2020,4,,central delhi,,32194168,61575435521.28284
230,2020,4,,mumbai suburban,,31947471,52567087497.07483
231,2020,4,,500001,,63797806,154104662898.10648
232,2020,4,,560001,,56310863,93518053649.26508
233,2020,4,,411004,,48628369,83733590846.60262
234,2020,4,,302016,,31028451,71599277148.69725
235,2020,4,,110006,,24969702,48831647275.471146
236,2020,4,,462008,,20637374,44520942803.43778
237,2020,4,,800001,,14983099,39976507362.54611
238,2020,4,,600003,,11690163,26114457256.846283
239,2020,4,,751001,,11637193,26523469788.723434
240,2020,4,,700009,,11305243,28555964654.22016
241,2021,1,,bengaluru urban,,348712787,432401341231.7671
242,2021,1,,pune,,208930588,253623629237.65796
243,2021,1,,hyderabad,,169703372,316572388133.7874
244,2021,1,,jaipur,,125917532,223771205713.25284
245,2021,1,,bhopal,,67309234,101725720745.41443
246,2021,1,,rangareddy,,60675056,98883148961.30931
247,2021,1,,medchal malkajgiri,,54854446,87516738646.29623
248,2021,1,,central delhi,,54173342,90711721159.77658
249,2021,1,,mumbai suburban,,49079788,75911506798.24135
250,2021,1,,visakhapatnam,,48248923,95308386037.8472
251,2021,1,,560001,,111898471,154275126291.57785
252,2021,1,,500001,,107274281,218270126529.36053
253,2021,1,,411004,,99287169,142692099313.18896
254,2021,1,,302016,,65639307,124138636281.23145
255,2021,1,,110006,,46104924,76683904356.11441
256,2021,1,,462008,,45920869,76097617508.03972
257,2021,1,,800001,,30937663,68071234953.67711
258,2021,1,,600003,,25512152,44939868773.04714
259,2021,1,,400070,,25090098,39416189451.46673
260,2021,1,,751001,,24151383,44482729136.236565
261,2021,2,,bengaluru urban,,326804307,444422398357.67755
262,2021,2,,pune,,218732925,298657497266.993
263,2021,2,,hyderabad,,212326623,424872741465.13696
264,2021,2,,jaipur,,137247139,248390977964.5579
265,2021,2,,bhopal,,74643630,127038866031.39793
266,2021,2,,rangareddy,,63155281,113987187628.93881
267,2021,2,,central delhi,,62131856,100895875737.76093
268,2021,2,,medchal malkajgiri,,58755991,102864360004.68025
269,2021,2,,visakhapatnam,,54390299,114439012713.35336
270,2021,2,,patna,,53400850,114936398151.99364
271,2021,2,,500001,,148864777,315432046413.6635
272,2021,2,,560001,,123224371,183498284704.3348
273,2021,2,,411004,,120795663,186134320440.93646
274,2021,2,,302016,,81782827,152295120262.96942
275,2021,2,,462008,,57596018,101902493881.58667
276,2021,2,,110006,,54888173,88849307061.74399
277,2021,2,,800001,,42836603,91781680811.21812
278,2021,2,,600003,,31694305,54282023022.639435
279,2021,2,,751001,,30961581,53565783087.01067
280,2021,2,,700009,,30775525,59587220231.94326
281,2021,3,,bengaluru urban,,476485560,626123198813.8513
282,2021,3,,pune,,303322956,372243656247.4718
283,2021,3,,hyderabad,,262028284,479343321365.3726
284,2021,3,,jaipur,,193839196,313664435689.29987
285,2021,3,,bhopal,,103403998,146735124186.2163
286,2021,3,,central delhi,,88849847,137311394953.58371
287,2021,3,,rangareddy,,87884143,147772047919.14047
288,2021,3,,medchal malkajgiri,,79514766,130838255095.6952
289,2021,3,,khordha,,71647985,108452202806.23244
290,2021,3,,visakhapatnam,,69220981,136945652159.26515
291,2021,3,,500001,,173430239,335290201877.6652
292,2021,3,,560001,,171396431,241306340924.00638
293,2021,3,,411004,,155523883,217400690972.0777
294,2021,3,,302016,,108659324,179936124302.00922
295,2021,3,,110006,,77515502,117511789786.64261
296,2021,3,,462008,,74987334,111259178579.96481
297,2021,3,,800001,,49086869,90644799090.27641
298,2021,3,,444510,,45378525,84950919432.04364
299,2021,3,,600003,,42982007,71274098295.90457
300,2021,3,,751001,,41875475,65849220632.325775
301,2021,4,,bengaluru urban,,584958847,755926042210.8081
302,2021,4,,pune,,371337618,454584743765.05554
303,2021,4,,hyderabad,,325636475,582079170534.0186
304,2021,4,,jaipur,,231804892,394435778364.0141
305,2021,4,,bhopal,,134176541,190196223229.17587
306,2021,4,,rangareddy,,111354739,188838966046.13513
307,2021,4,,central delhi,,111134916,177625511230.04297
308,2021,4,,medchal malkajgiri,,98780634,164568262330.06238
309,2021,4,,khordha,,94505879,135122128258.68542
310,2021,4,,mumbai suburban,,92733033,134616103622.6073
311,2021,4,,500001,,213053128,398798138080.5086
312,2021,4,,560001,,206723470,283864051273.69073
313,2021,4,,411004,,185423020,259406175394.85846
314,2021,4,,302016,,130544931,225546213678.03116
315,2021,4,,462008,,97987017,145639258182.99155
316,2021,4,,110006,,96850347,152021116180.99402
317,2021,4,,800001,,61784983,113485175570.40105
318,2021,4,,444510,,55162139,103212697006.96257
319,2021,4,,600003,,54054310,83084090738.55415
320,2021,4,,751001,,52532360,79093274940.53792
321,2022,1,,bengaluru urban,,648380838,837938769153.0938
322,2022,1,,pune,,424149132,508475101454.5797
323,2022,1,,hyderabad,,372711414,661512502141.0775
324,2022,1,,jaipur,,262950613,434507898653.22876
325,2022,1,,bhopal,,159892411,221096758835.27948
326,2022,1,,central delhi,,128309915,198072597274.588
327,2022,1,,rangareddy,,127675017,216609881380.40106
328,2022,1,,medchal malkajgiri,,110893187,185168270983.38605
329,2022,1,,mumbai suburban,,104595313,148080835860.6061
330,2022,1,,khordha,,104052705,152745328927.4852
331,2022,1,,500001,,248675599,460948755722.1826
332,2022,1,,560001,,224793308,308663371704.65454
333,2022,1,,411004,,209101358,285005833904.6318
334,2022,1,,302016,,148956604,248958961898.95383
335,2022,1,,462008,,119378084,172143368941.8931
336,2022,1,,110006,,112708284,170854549748.09644
337,2022,1,,444510,,69862188,129741278088.80704
338,2022,1,,800001,,68427326,126972470461.14954
339,2022,1,,600003,,62446149,95888452779.63263
340,2022,1,,751001,,58525215,91210203433.81744
341,2022,2,,bengaluru urban,,786978117,1013933810932.2711
342,2022,2,,pune,,520321567,620747087392.5974
343,2022,2,,hyderabad,,446470234,775908693266.7238
344,2022,2,,jaipur,,314511010,497492495896.22046
345,2022,2,,bhopal,,185588829,255910395858.58392
346,2022,2,,rangareddy,,161888380,267052522620.51453
347,2022,2,,central delhi,,159034619,232911858055.0848
348,2022,2,,medchal malkajgiri,,134114768,221257316347.71973
349,2022,2,,mumbai suburban,,125227570,172590494011.93738
350,2022,2,,khordha,,124986765,174299128204.99298
351,2022,2,,500001,,296874552,536659038240.45605
352,2022,2,,560001,,271515853,367011500113.69904
353,2022,2,,411004,,262731186,356436998068.0399
354,2022,2,,302016,,181570316,290408785688.9401
355,2022,2,,110006,,139136098,200269818218.75818
356,2022,2,,462008,,137837715,198147341166.69937
357,2022,2,,444510,,93575752,168031360482.06287
358,2022,2,,800001,,90260337,162195041186.36075
359,2022,2,,600003,,75241472,108938946466.4329
360,2022,2,,751001,,69262961,101369063330.80547
361,2022,3,,hyderabad,,1018658174,1586047443981.7903
362,2022,3,,bengaluru urban,,738035161,930886457807.8191
363,2022,3,,pune,,505018506,549531791371.8348
364,2022,3,,jaipur,,377469909,564818218571.2906
365,2022,3,,central delhi,,243139962,327191972497.86694
366,2022,3,,mumbai suburban,,197724164,247678975470.48975
367,2022,3,,patna,,188665398,298860414441.2887
368,2022,3,,khordha,,182514532,234713995654.54218
369,2022,3,,chhindwara,,169367916,236429180484.7117
370,2022,3,,rangareddy,,169029273,272598081405.12262
371,2022,3,,500034,,832279716,1276247184385.9084
372,2022,3,,110006,,222465526,294132832922.7636
373,2022,3,,302012,,220682742,322546632329.7969
374,2022,3,,411033,,217102802,241609848561.36987
375,2022,3,,480001,,164538285,229267141662.06653
376,2022,3,,560027,,160449902,217879670192.8064
377,2022,3,,800001,,143978604,226644911906.22284
378,2022,3,,400070,,137051260,170363147506.6858
379,2022,3,,751001,,123281915,161654599037.78528
380,2022,3,,700039,,82900479,153815755896.1881
381,2022,4,,hyderabad,,1133829812,1753799022390.8733
382,2022,4,,bengaluru urban,,876647100,1092079302011.8888
383,2022,4,,pune,,544687754,590334491443.0927
384,2022,4,,jaipur,,404922774,635458549842.8215
385,2022,4,,central delhi,,280960656,386107883617.5307
386,2022,4,,mumbai suburban,,248827345,310278216439.5166
387,2022,4,,chhindwara,,245710341,350638062974.85736
388,2022,4,,patna,,217434851,352393762150.454
389,2022,4,,khordha,,208260666,268479766618.40594
390,2022,4,,rangareddy,,191136402,295773661437.69385
391,2022,4,,500034,,967508435,1501499856273.482
392,2022,4,,560027,,290033166,383980424744.5664
393,2022,4,,411033,,263248580,298971294541.89966
394,2022,4,,110006,,258183697,349487194869.16797
395,2022,4,,302012,,255709582,401447081116.4074
396,2022,4,,480001,,240053791,341860974379.64307
397,2022,4,,400070,,180508440,226320223720.0673
398,2022,4,,800001,,167166031,269652534972.60126
399,2022,4,,751001,,140210762,184650659638.9054
400,2022,4,,700039,,119193886,219834107643.85355
401,2023,1,,bengaluru urban,,1012347596,1167307214747.0
402,2023,1,,pune,,505841046,489824129517.0
403,2023,1,,rangareddy,,329344012,487359310308.0
404,2023,1,,hyderabad,,286887382,415188829698.0
405,2023,1,,medchal malkajgiri,,256028955,382423152200.0
406,2023,1,,jaipur,,250101628,383391511211.0
407,2023,1,,visakhapatnam,,164358781,277211090180.0
408,2023,1,,thane,,142097640,164652846524.0
409,2023,1,,gurugram,,139674963,149429170153.0
410,2023,1,,gautam buddha nagar,,130607154,135979906082.0
411,2023,1,,500072,,48884911,69139644856.0
412,2023,1,,560068,,48544078,49093973079.0
413,2023,1,,560037,,36487467,39147776972.0
414,2023,1,,201301,,34429152,30542090341.0
415,2023,1,,560076,,31427375,31972479780.0
416,2023,1,,500081,,31374325,36780272643.0
417,2023,1,,560078,,30074920,33530112337.0
418,2023,1,,500032,,28718299,32875192612.0
419,2023,1,,560100,,27670041,26852310085.0
420,2023,1,,560043,,27613832,31447437376.0
421,2023,2,,bengaluru urban,,1124713207,1308665877658.0
422,2023,2,,pune,,554427668,535801107518.0
423,2023,2,,rangareddy,,384456496,561147925919.0
424,2023,2,,hyderabad,,328016262,467328236325.0
425,2023,2,,medchal malkajgiri,,296231089,434043629718.0
426,2023,2,,jaipur,,291245541,414094307123.0
427,2023,2,,visakhapatnam,,184918179,303874597259.0
428,2023,2,,gurugram,,168827725,167788722810.0
429,2023,2,,gautam buddha nagar,,157681545,150948217823.0
430,2023,2,,thane,,155714593,178939371434.0
431,2023,2,,500072,,58118143,80065833852.0
432,2023,2,,560068,,54020876,54852308815.0
433,2023,2,,560037,,41049027,45095955882.0
434,2023,2,,201301,,40364243,33059188347.0
435,2023,2,,500081,,37375003,43237645304.0
436,2023,2,,500032,,34638820,39216208745.0
437,2023,2,,560076,,34380780,35810435341.0
438,2023,2,,560078,,33172774,37560041959.0
439,2023,2,,560100,,31610913,30713650869.0
440,2023,2,,411057,,30991776,24785623038.0
441,2023,3,,bengaluru urban,,1298080873,1442850468373.0
442,2023,3,,pune,,625390706,593994260196.0
443,2023,3,,rangareddy,,439381886,615864362548.0
444,2023,3,,hyderabad,,371834420,505153023373.0
445,2023,3,,jaipur,,342432937,452155901967.0
446,2023,3,,medchal malkajgiri,,341559058,477958010169.0
447,2023,3,,visakhapatnam,,209884966,328927220951.0
448,2023,3,,gurugram,,188985975,179654213171.0
449,2023,3,,gautam buddha nagar,,180450033,164910883457.0
450,2023,3,,thane,,170404523,188843145118.0
451,2023,3,,500072,,65847402,88142226984.0
452,2023,3,,560068,,62632584,61263877641.0
453,2023,3,,560037,,45865518,49216757881.0
454,2023,3,,201301,,45155149,35368082651.0
455,2023,3,,500081,,41403377,46841816235.0
456,2023,3,,560076,,39572187,39693662048.0
457,2023,3,,560078,,38275825,41125711463.0
458,2023,3,,500032,,37909563,43121138159.0
459,2023,3,,560100,,36711660,34628577402.0
460,2023,3,,411057,,35730539,28470754620.0
461,2023,4,,bengaluru urban,,1345789742,1497515119439.0
462,2023,4,,pune,,673819127,639679187750.0
463,2023,4,,rangareddy,,460487052,647241284036.0
464,2023,4,,hyderabad,,388720083,532414580487.0
465,2023,4,,jaipur,,364600665,506659281364.0
466,2023,4,,medchal malkajgiri,,362103399,502048775975.0
467,2023,4,,visakhapatnam,,223584765,344512874812.0
468,2023,4,,gurugram,,200753426,196708697020.0
469,2023,4,,thane,,192539402,209015388352.0
470,2023,4,,gautam buddha nagar,,192419424,180306500632.0
471,2023,4,,500072,,69292728,91284974730.0
472,2023,4,,560068,,63713816,62360639499.0
473,2023,4,,201301,,47085837,38136753615.0
474,2023,4,,560037,,43844472,47520783905.0
475,2023,4,,500081,,41757627,48496303521.0
476,2023,4,,560076,,40062218,40406677455.0
477,2023,4,,560078,,39399547,42452583912.0
478,2023,4,,500032,,38490289,44458212241.0
479,2023,4,,410501,,37823604,30451717116.0
480,2023,4,,560100,,37641570,35551238822.0
481,2024,1,,bengaluru urban,,1410557938,1530943099565.0
482,2024,1,,pune,,733071386,673821354148.0
483,2024,1,,rangareddy,,488047529,658571093582.0
484,2024,1,,jaipur,,417960026,559737992837.0
485,2024,1,,hyderabad,,402314318,527685058004.0
486,2024,1,,medchal malkajgiri,,380041109,499878493547.0
487,2024,1,,visakhapatnam,,238418938,363341573689.0
488,2024,1,,gurugram,,220314122,209018505349.0
489,2024,1,,gautam buddha nagar,,214720949,194154342486.0
490,2024,1,,indore,,204031251,225074399956.0
491,2024,1,,500072,,69094126,88039295927.0
492,2024,1,,560068,,65916906,63058218288.0
493,2024,1,,201301,,52120222,40796556514.0
494,2024,1,,560037,,44437042,46789563898.0
495,2024,1,,410501,,43473832,33452714100.0
496,2024,1,,500081,,43128414,49113797461.0
497,2024,1,,560076,,40863256,40420178638.0
498,2024,1,,560078,,40535894,42657750513.0
499,2024,1,,411057,,40434976,31533887646.0
500,2024,1,,500032,,40014033,45087861514.0
501,2024,2,,bengaluru urban,,1497173080,1626460643067.0
502,2024,2,,pune,,774940848,703288284286.0
503,2024,2,,rangareddy,,539561247,707566316827.0
504,2024,2,,jaipur,,473991132,581415499446.0
505,2024,2,,hyderabad,,435136278,550918208821.0
506,2024,2,,medchal malkajgiri,,416369023,532889975847.0
507,2024,2,,gurugram,,267480541,231403496054.0
508,2024,2,,gautam buddha nagar,,265595986,216594147530.0
509,2024,2,,visakhapatnam,,260339876,378402015204.0
510,2024,2,,indore,,224896033,239315772788.0
511,2024,2,,500072,,76230583,93277825439.0
512,2024,2,,560068,,69364986,66289367831.0
513,2024,2,,201301,,62464983,44004838882.0
514,2024,2,,500081,,47745271,52611737092.0
515,2024,2,,410501,,46907334,34713255109.0
516,2024,2,,560037,,46776034,48880395601.0
517,2024,2,,500032,,43718050,47723230498.0
518,2024,2,,560076,,42881778,42679317598.0
519,2024,2,,560078,,42529166,45410228491.0
520,2024,2,,411057,,42406480,32822122569.0
521,2024,3,,bengaluru urban,,1631451937,1750492470314.0
522,2024,3,,pune,,839977058,761109455466.0
523,2024,3,,rangareddy,,577835181,738052396062.0
524,2024,3,,medchal malkajgiri,,501688745,624450298660.0
525,2024,3,,hyderabad,,465828755,570267006787.0
526,2024,3,,jaipur,,392547155,435623980901.0
527,2024,3,,gautambuddha nagar,,291856209,236884974417.0
528,2024,3,,gurugram,,291583503,249171079828.0
529,2024,3,,indore,,243877173,252129873604.0
530,2024,3,,thane,,232855213,237163270363.0
531,2024,3,,500072,,92129066,108183377419.0
532,2024,3,,201301,,68967992,49390127364.0
533,2024,3,,500081,,64860408,70783617503.0
534,2024,3,,560068,,63337647,60042061003.0
535,2024,3,,560100,,57890073,54596825856.0
536,2024,3,,452001,,54979662,48977311740.0
537,2024,3,,410501,,51594896,38484342016.0
538,2024,3,,560037,,50010832,51995620737.0
539,2024,3,,411057,,46700269,37628700658.0
540,2024,3,,560066,,44823424,45681565757.0
541,2024,4,,bengaluru urban,,1674347983,1790144192589.0
542,2024,4,,pune,,900035103,817012243191.0
543,2024,4,,rangareddy,,616593580,775467300648.0
544,2024,4,,medchal malkajgiri,,534184945,651550001586.0
545,2024,4,,hyderabad,,497079422,601741671786.0
546,2024,4,,jaipur,,419541051,484830515848.0
547,2024,4,,gautambuddha nagar,,308036927,255133255191.0
548,2024,4,,gurugram,,301187458,265842877273.0
549,2024,4,,indore,,264106034,277132973152.0
550,2024,4,,thane,,260133540,262082431087.0
551,2024,4,,500072,,97079697,111354370899.0
552,2024,4,,201301,,71597704,52354483878.0
553,2024,4,,500081,,67246969,72596118114.0
554,2024,4,,560068,,63798364,60719442481.0
555,2024,4,,560100,,58873952,55139541256.0
556,2024,4,,452001,,58325781,52789642819.0
557,2024,4,,410501,,55813356,42271781255.0
558,2024,4,,411057,,48685493,38546349566.0
559,2024,4,,560037,,48507070,50370682932.0
560,2024,4,,560066,,44494164,45074223595.0
